episodio,passos,recompensa_total,recompensa_media_passo,epsilon_usado,epsilon_apos,temperatura_ideal_pct,umidade_ideal_pct,luz_ideal_pct,todas_ideais_pct,acao_0,acao_1,acao_2,acao_3,acao_4,acao_5,acao_6,acao_7
1,200,55.26405743781144,0.2763202871890572,1.0,0.995,98.5,10.0,47.5,3.5,24,43,20,18,18,17,32,28
2,200,-11.558528302043527,-0.05779264151021764,0.995,0.990025,99.5,0.0,51.0,0.0,27,33,19,20,23,30,25,23
3,200,44.76243906326562,0.2238121953163281,0.990025,0.985074875,93.0,6.5,55.5,4.5,20,28,21,20,27,24,31,29
4,200,72.95827291740169,0.36479136458700845,0.985074875,0.9801495006250001,96.5,15.0,55.0,10.0,11,25,27,27,22,28,36,24
5,200,73.92102251453431,0.3696051125726716,0.9801495006250001,0.9752487531218751,99.5,13.5,50.5,9.0,20,25,27,27,24,30,23,24
6,200,78.54053266581867,0.39270266332909337,0.9752487531218751,0.9703725093562657,99.0,13.0,53.0,5.5,29,26,18,21,23,27,29,27
7,200,89.6865776198602,0.448432888099301,0.9703725093562657,0.9655206468094844,91.5,4.0,57.0,2.0,25,21,21,20,34,28,29,22
8,200,43.855566007173444,0.2192778300358672,0.9655206468094844,0.960693043575437,95.0,12.0,53.5,4.0,19,26,21,26,31,32,26,19
9,200,28.537305302692097,0.14268652651346048,0.960693043575437,0.9558895783575597,91.0,6.5,52.5,3.5,24,22,29,19,23,30,28,25
10,200,53.34136308989776,0.2667068154494888,0.9558895783575597,0.9511101304657719,100.0,5.0,54.0,1.5,27,20,25,20,37,25,23,23
11,200,-9.182712611405233,-0.045913563057026166,0.9511101304657719,0.946354579813443,96.5,1.0,43.0,0.0,21,34,32,27,32,15,24,15
12,200,27.03594214097677,0.13517971070488385,0.946354579813443,0.9416228069143757,93.5,3.0,56.5,0.0,23,25,19,20,26,25,37,25
13,200,36.020748936402754,0.18010374468201376,0.9416228069143757,0.9369146928798039,96.0,2.0,60.0,0.5,18,14,23,26,33,20,31,35
14,200,33.291721764398005,0.16645860882199004,0.9369146928798039,0.9322301194154049,100.0,0.0,54.5,0.0,21,21,24,24,41,22,24,23
15,200,60.07447676006229,0.30037238380031145,0.9322301194154049,0.9275689688183278,97.0,5.0,50.0,4.0,20,16,28,35,29,19,32,21
16,200,82.21125098214205,0.41105625491071024,0.9275689688183278,0.9229311239742362,100.0,3.5,54.0,1.0,24,26,21,21,26,25,34,23
17,200,36.494445055069576,0.18247222527534787,0.9229311239742362,0.918316468354365,94.5,5.5,46.5,2.5,30,20,25,32,31,18,21,23
18,200,60.25034507541889,0.30125172537709444,0.918316468354365,0.9137248860125932,99.5,6.5,53.5,2.0,22,21,22,29,44,13,20,29
19,200,38.60620577890363,0.19303102889451815,0.9137248860125932,0.9091562615825302,98.0,0.5,53.0,0.0,26,22,26,19,32,29,23,23
20,200,56.669207835660885,0.2833460391783044,0.9091562615825302,0.9046104802746175,98.0,7.0,56.0,2.5,16,24,26,22,28,26,35,23
21,200,43.3318333423479,0.2166591667117395,0.9046104802746175,0.9000874278732445,92.5,6.0,50.0,1.5,27,13,27,33,27,20,32,21
22,200,49.956041528926676,0.24978020764463338,0.9000874278732445,0.8955869907338783,98.5,0.0,57.5,0.0,27,12,25,22,36,23,30,25
23,200,63.198544337469386,0.31599272168734693,0.8955869907338783,0.8911090557802088,100.0,5.0,54.5,3.5,31,20,19,21,31,25,30,23
24,200,42.58521204923096,0.2129260602461548,0.8911090557802088,0.8866535105013078,99.5,5.5,50.0,3.0,24,29,23,24,29,14,33,24
25,200,107.37547778695651,0.5368773889347825,0.8866535105013078,0.8822202429488013,97.0,6.5,57.5,1.5,29,17,18,21,32,26,36,21
26,200,22.14719196353454,0.11073595981767269,0.8822202429488013,0.8778091417340573,100.0,0.0,56.0,0.0,18,27,17,26,46,15,30,21
27,200,74.24739469464916,0.3712369734732458,0.8778091417340573,0.8734200960253871,100.0,4.0,55.0,2.0,19,19,26,26,46,22,19,23
28,200,96.51447936285548,0.48257239681427744,0.8734200960253871,0.8690529955452602,99.5,5.5,61.0,3.5,19,23,22,15,38,24,33,26
29,200,92.85585112209912,0.4642792556104956,0.8690529955452602,0.8647077305675338,97.5,6.5,55.5,4.0,21,20,24,25,28,24,39,19
30,200,58.45307560970121,0.29226537804850605,0.8647077305675338,0.8603841919146962,94.5,8.5,54.0,2.5,21,20,21,29,39,24,21,25
31,200,31.443691628654662,0.15721845814327332,0.8603841919146962,0.8560822709551227,95.5,1.0,54.0,0.0,19,27,24,23,18,20,46,23
32,200,109.83894467816272,0.5491947233908135,0.8560822709551227,0.851801859600347,100.0,6.0,50.5,1.5,30,20,31,18,23,18,38,22
33,200,76.62802802285266,0.3831401401142633,0.851801859600347,0.8475428503023453,91.0,6.0,62.5,0.5,22,15,25,14,23,18,47,36
34,200,111.09553613621783,0.5554776806810892,0.8475428503023453,0.8433051360508336,96.5,18.0,54.5,8.0,17,29,26,20,38,17,29,24
35,200,30.813449578411916,0.15406724789205958,0.8433051360508336,0.8390886103705794,96.0,2.5,55.5,0.0,18,26,24,21,50,25,15,21
36,200,61.286878185736576,0.30643439092868285,0.8390886103705794,0.8348931673187264,93.5,8.5,56.0,6.0,23,24,19,22,38,21,28,25
37,200,39.4740297765257,0.1973701488826285,0.8348931673187264,0.8307187014821328,100.0,0.0,61.5,0.0,18,20,22,18,36,26,38,22
38,200,35.31569243252896,0.1765784621626448,0.8307187014821328,0.8265651079747222,100.0,3.0,55.5,1.5,23,26,12,27,23,24,41,24
39,200,32.79795110301038,0.16398975551505188,0.8265651079747222,0.8224322824348486,95.0,0.0,61.5,0.0,16,23,19,19,42,23,36,22
40,200,213.33938474541318,1.0666969237270658,0.8224322824348486,0.8183201210226743,99.5,10.5,66.5,6.5,18,16,21,11,43,19,50,22
41,200,94.88422283400101,0.47442111417000504,0.8183201210226743,0.8142285204175609,98.0,4.0,59.5,2.0,14,28,23,17,34,20,42,22
42,200,73.65582999677991,0.36827914998389955,0.8142285204175609,0.810157377815473,100.0,4.0,56.0,2.0,26,22,21,19,34,20,33,25
43,200,59.698918705993265,0.2984945935299663,0.810157377815473,0.8061065909263957,97.5,0.0,68.0,0.0,17,17,19,12,48,24,38,25
44,200,95.91458170358014,0.4795729085179007,0.8061065909263957,0.8020760579717637,94.0,6.0,57.0,0.5,25,17,22,21,53,19,21,22
45,200,28.803846708420085,0.14401923354210042,0.8020760579717637,0.798065677681905,96.0,0.0,60.5,0.0,14,18,24,22,40,19,36,27
46,200,104.71254075497787,0.5235627037748893,0.798065677681905,0.7940753492934954,96.5,7.0,58.5,5.0,21,26,23,14,55,17,19,25
47,200,105.66696517963793,0.5283348258981896,0.7940753492934954,0.7901049725470279,97.5,10.0,61.0,5.5,18,24,15,21,29,20,35,38
48,200,78.45992910175939,0.3922996455087969,0.7901049725470279,0.7861544476842928,99.5,7.5,55.0,4.5,22,27,15,27,43,19,31,16
49,200,96.50330475631597,0.48251652378157983,0.7861544476842928,0.7822236754458713,100.0,12.5,60.0,4.5,18,20,25,17,40,27,26,27
50,200,182.84159117694503,0.9142079558847251,0.7822236754458713,0.778312557068642,97.5,13.5,64.5,9.0,19,15,18,19,22,28,59,20
51,200,72.04682637586151,0.3602341318793076,0.778312557068642,0.7744209942832988,94.5,5.0,61.5,0.5,16,20,16,25,28,19,54,22
52,200,84.84521504607983,0.4242260752303991,0.7744209942832988,0.7705488893118823,97.5,4.0,62.5,3.0,14,24,18,19,47,21,32,25
53,200,160.67968414541681,0.8033984207270841,0.7705488893118823,0.7666961448653229,99.5,10.5,67.0,6.0,16,16,17,17,67,20,21,26
54,200,166.29190989823678,0.831459549491184,0.7666961448653229,0.7628626641409962,99.0,8.0,62.0,6.0,22,17,26,11,51,21,26,26
55,200,108.55811573041674,0.5427905786520837,0.7628626641409962,0.7590483508202912,100.0,1.5,60.0,1.0,25,20,19,17,46,22,33,18
56,200,131.73397091666698,0.6586698545833349,0.7590483508202912,0.7552531090661897,93.5,7.5,63.5,5.0,22,19,20,13,18,24,58,26
57,200,86.27596455366371,0.43137982276831854,0.7552531090661897,0.7514768435208588,98.5,5.0,61.0,3.0,18,22,23,15,49,23,25,25
58,200,105.2143199977202,0.526071599988601,0.7514768435208588,0.7477194593032545,99.5,4.0,60.5,2.0,17,18,21,24,51,21,29,19
59,200,240.5928406974915,1.2029642034874575,0.7477194593032545,0.7439808620067382,96.5,16.0,62.0,10.0,24,20,16,15,44,20,40,21
60,200,96.56170686968703,0.4828085343484351,0.7439808620067382,0.7402609576967045,97.0,7.0,65.0,5.5,13,23,16,18,52,26,30,22
61,200,15.844848357154891,0.07922424178577446,0.7402609576967045,0.736559652908221,98.0,0.0,59.0,0.0,19,21,13,30,38,19,28,32
62,200,51.60629609267043,0.25803148046335217,0.736559652908221,0.7328768546436799,97.5,3.5,62.5,1.5,21,19,18,17,35,33,27,30
63,200,105.93829702964275,0.5296914851482137,0.7328768546436799,0.7292124703704616,96.0,7.5,61.5,5.5,18,18,20,20,51,31,21,21
64,200,151.6786365176864,0.758393182588432,0.7292124703704616,0.7255664080186093,100.0,13.5,63.5,9.5,20,19,20,14,45,22,38,22
65,200,198.98963072148297,0.9949481536074148,0.7255664080186093,0.7219385759785162,97.5,12.5,64.0,9.5,11,19,23,19,40,18,56,14
66,200,264.19367352610766,1.3209683676305384,0.7219385759785162,0.7183288830986236,98.0,17.0,68.0,8.0,11,16,23,13,58,22,38,19
67,200,61.56768118282044,0.30783840591410216,0.7183288830986236,0.7147372386831305,97.0,0.0,64.5,0.0,14,17,19,21,47,18,41,23
68,200,49.76430463364322,0.2488215231682161,0.7147372386831305,0.7111635524897149,95.0,0.0,65.5,0.0,18,19,20,11,44,30,38,20
69,200,161.03098531420605,0.8051549265710303,0.7111635524897149,0.7076077347272662,97.5,6.5,70.0,5.0,18,14,12,16,67,24,22,27
70,200,179.61684014641227,0.8980842007320614,0.7076077347272662,0.7040696960536299,95.0,6.5,61.0,2.0,23,20,16,19,54,16,32,20
71,200,73.06190653919154,0.3653095326959577,0.7040696960536299,0.7005493475733617,100.0,0.0,63.0,0.0,16,15,17,26,44,18,41,23
72,200,203.4385931615971,1.0171929658079855,0.7005493475733617,0.697046600835495,100.0,8.0,65.0,4.5,15,13,24,19,53,18,37,21
73,200,121.5546801227857,0.6077734006139285,0.697046600835495,0.6935613678313175,97.0,3.0,63.5,2.5,17,16,20,19,50,17,41,20
74,200,103.56658570498651,0.5178329285249326,0.6935613678313175,0.6900935609921609,99.5,2.0,69.5,1.0,8,15,20,18,66,23,27,23
75,200,202.65863499181978,1.013293174959099,0.6900935609921609,0.6866430931872001,99.5,4.5,65.0,3.5,11,20,23,15,42,11,55,23
76,200,78.20513084474527,0.39102565422372637,0.6866430931872001,0.6832098777212641,99.5,4.5,65.0,4.0,19,14,18,20,50,21,27,31
77,200,68.17375113496422,0.3408687556748211,0.6832098777212641,0.6797938283326578,100.0,0.0,67.5,0.0,17,12,18,17,44,29,36,27
78,200,240.76219732469687,1.2038109866234843,0.6797938283326578,0.6763948591909945,99.0,9.0,70.5,7.0,16,13,12,19,86,15,15,24
79,200,206.59847098313037,1.032992354915652,0.6763948591909945,0.6730128848950395,94.5,7.5,65.0,4.5,16,25,16,14,69,19,18,23
80,200,170.3662694845467,0.8518313474227335,0.6730128848950395,0.6696478204705644,100.0,5.0,65.5,4.0,17,21,16,15,31,22,61,17
81,200,162.87954949496662,0.8143977474748332,0.6696478204705644,0.6662995813682115,100.0,16.0,70.0,10.5,13,16,13,18,54,22,45,19
82,200,256.10934184322514,1.2805467092161258,0.6662995813682115,0.6629680834613705,96.0,17.5,64.0,10.0,22,14,18,19,41,18,45,23
83,200,226.61915419029543,1.133095770951477,0.6629680834613705,0.6596532430440636,100.0,15.0,67.5,10.0,11,12,25,18,37,25,51,21
84,200,106.9803240641216,0.5349016203206081,0.6596532430440636,0.6563549768288433,100.0,8.5,68.0,6.0,18,17,18,12,47,29,32,27
85,200,281.77606435941135,1.4088803217970567,0.6563549768288433,0.653073201944699,99.0,20.5,70.0,13.0,11,15,21,13,49,18,45,28
86,200,186.31837614694186,0.9315918807347093,0.653073201944699,0.6498078359349755,96.0,13.0,65.5,8.5,16,16,18,18,55,16,29,32
87,200,102.95520458397625,0.5147760229198812,0.6498078359349755,0.6465587967553006,99.5,0.0,71.5,0.0,13,10,23,12,37,17,56,32
88,200,243.18503530529296,1.2159251765264647,0.6465587967553006,0.6433260027715241,97.5,11.0,72.5,7.0,10,18,10,16,74,13,36,23
89,200,57.89876044260876,0.2894938022130438,0.6433260027715241,0.6401093727576664,95.5,0.5,60.5,0.5,18,22,18,21,46,21,34,20
90,200,33.85628187934111,0.16928140939670555,0.6401093727576664,0.6369088258938781,95.5,1.5,65.0,0.0,19,14,14,22,41,32,32,26
91,200,199.95513643581555,0.9997756821790778,0.6369088258938781,0.6337242817644086,98.5,15.5,66.0,8.5,16,19,20,13,53,18,35,26
92,200,259.87401399479944,1.2993700699739972,0.6337242817644086,0.6305556603555866,96.0,26.0,72.5,18.0,12,19,9,14,70,20,35,21
93,200,266.5426651802282,1.332713325901141,0.6305556603555866,0.6274028820538087,94.5,31.5,65.5,20.5,18,15,20,16,22,27,69,13
94,200,204.5021378851206,1.0225106894256029,0.6274028820538087,0.6242658676435396,100.0,11.0,67.5,8.0,14,18,15,17,50,24,46,16
95,200,283.8270850260031,1.4191354251300154,0.6242658676435396,0.6211445383053219,98.0,34.5,71.5,25.0,14,14,16,13,62,26,31,24
96,200,155.08543273643417,0.7754271636821709,0.6211445383053219,0.6180388156137953,96.5,12.5,65.5,6.5,19,14,20,15,56,20,31,25
97,200,414.6057960195617,2.0730289800978086,0.6180388156137953,0.6149486215357263,99.5,63.5,69.0,42.0,18,12,16,15,44,27,49,19
98,200,133.10852371058718,0.6655426185529358,0.6149486215357263,0.6118738784280476,98.5,3.5,68.0,2.0,18,14,12,20,44,14,54,24
99,200,349.6994911248916,1.7484974556244581,0.6118738784280476,0.6088145090359074,94.0,47.0,70.5,30.5,13,12,16,18,34,24,67,16
100,200,165.6976722489327,0.8284883612446634,0.6088145090359074,0.6057704364907278,93.5,14.0,67.0,9.5,13,22,17,15,41,27,45,20
101,200,110.81550296441547,0.5540775148220773,0.6057704364907278,0.6027415843082742,94.0,7.0,69.0,3.5,22,11,14,16,32,30,42,33
102,200,253.19603009999696,1.2659801504999848,0.6027415843082742,0.5997278763867329,98.5,18.5,68.5,14.0,12,14,22,14,74,25,19,20
103,200,340.79236341565974,1.7039618170782986,0.5997278763867329,0.5967292370047992,97.0,41.0,74.0,31.0,16,13,9,15,63,26,45,13
104,200,266.05077150380646,1.3302538575190324,0.5967292370047992,0.5937455908197752,93.5,32.0,67.0,22.0,17,13,21,14,60,22,37,16
105,200,140.94893087116333,0.7047446543558167,0.5937455908197752,0.5907768628656763,98.5,6.5,69.5,4.0,13,20,16,13,43,25,45,25
106,200,443.84432363690166,2.219221618184508,0.5907768628656763,0.5878229785513479,96.0,72.5,71.5,51.5,11,12,22,12,35,30,62,16
107,200,81.86477127649358,0.40932385638246793,0.5878229785513479,0.5848838636585911,97.5,0.0,67.0,0.0,15,26,13,13,23,22,73,15
108,200,23.227884598070258,0.1161394229903513,0.5848838636585911,0.5819594443402982,97.0,0.0,64.0,0.0,22,16,16,19,36,30,32,29
109,200,-4.659585624114504,-0.02329792812057252,0.5819594443402982,0.5790496471185967,97.5,0.0,55.5,0.0,18,27,21,23,32,24,31,24
110,200,50.49235068072612,0.2524617534036306,0.5790496471185967,0.5761543988830038,97.5,0.0,68.5,0.0,17,16,16,15,38,31,38,29
111,200,229.59282416476162,1.147964120823808,0.5761543988830038,0.5732736268885887,95.0,27.0,72.5,17.5,15,15,14,12,26,43,65,10
112,200,185.51886696511613,0.9275943348255806,0.5732736268885887,0.5704072587541458,96.5,20.0,71.5,12.5,10,14,16,18,35,34,57,16
113,200,73.55489912612681,0.3677744956306341,0.5704072587541458,0.567555222460375,100.0,0.0,71.0,0.0,14,12,16,16,48,31,35,28
114,200,184.42240999057992,0.9221120499528996,0.567555222460375,0.5647174463480732,100.0,22.5,66.0,16.0,18,20,15,15,53,23,37,19
115,200,271.2153000900845,1.3560765004504225,0.5647174463480732,0.5618938591163328,94.5,36.0,64.5,23.0,16,20,14,21,63,20,28,18
116,200,328.71289031563106,1.6435644515781553,0.5618938591163328,0.5590843898207511,96.5,49.0,74.5,35.0,8,14,16,13,76,18,29,26
117,200,387.4707558799482,1.9373537793997408,0.5590843898207511,0.5562889678716474,97.5,60.0,72.0,41.5,15,10,15,17,72,27,27,17
118,200,122.87284900511158,0.6143642450255579,0.5562889678716474,0.5535075230322891,100.0,1.5,66.5,1.0,17,17,12,20,55,19,44,16
119,200,77.93134219064247,0.38965671095321236,0.5535075230322891,0.5507399854171277,93.0,4.0,73.0,0.0,12,17,11,14,35,34,46,31
120,200,399.20041894939976,1.9960020947469987,0.5507399854171277,0.547986285490042,97.5,73.5,64.0,46.0,12,18,28,14,21,26,58,23
121,200,118.77684068219028,0.5938842034109514,0.547986285490042,0.5452463540625918,98.0,17.5,63.0,11.5,19,20,20,15,41,23,22,40
122,200,200.50580378068625,1.0025290189034313,0.5452463540625918,0.5425201222922789,99.0,20.5,73.0,15.0,12,19,17,6,65,17,26,38
123,200,300.87115685643437,1.5043557842821718,0.5425201222922789,0.5398075216808175,98.0,49.5,68.5,34.0,16,14,17,15,44,16,53,25
124,200,453.03791750583395,2.2651895875291697,0.5398075216808175,0.5371084840724134,97.5,71.0,75.5,52.0,13,13,12,12,39,21,70,20
125,200,270.98375924475266,1.3549187962237632,0.5371084840724134,0.5344229416520513,92.5,35.5,73.0,24.0,8,17,10,19,71,14,44,17
126,200,435.2700412801367,2.1763502064006834,0.5344229416520513,0.531750826943791,94.5,72.5,68.5,47.5,20,14,13,16,56,14,46,21
127,200,195.19502762704096,0.9759751381352048,0.531750826943791,0.5290920728090721,92.0,5.5,69.0,2.5,12,23,12,16,24,12,81,20
128,200,397.78436545721087,1.9889218272860543,0.5290920728090721,0.5264466124450268,99.5,68.0,56.5,35.5,40,15,15,17,56,15,18,24
129,200,456.4832821348747,2.2824164106743736,0.5264466124450268,0.5238143793828016,98.0,83.0,64.0,54.5,34,7,12,18,57,13,27,32
130,200,449.1619224427996,2.245809612213998,0.5238143793828016,0.5211953074858876,98.0,75.5,72.0,53.5,11,17,10,19,72,18,41,12
131,200,407.812347128415,2.039061735642075,0.5211953074858876,0.5185893309484582,94.5,68.0,70.5,47.5,13,10,15,21,69,18,36,18
132,200,324.73950941039817,1.6236975470519908,0.5185893309484582,0.5159963842937159,99.5,37.5,71.0,26.5,13,16,15,14,44,22,53,23
133,200,480.08559029358594,2.40042795146793,0.5159963842937159,0.5134164023722473,98.5,83.5,73.0,61.0,17,16,9,12,33,22,76,15
134,200,458.6666868480618,2.2933334342403087,0.5134164023722473,0.510849320360386,96.0,78.0,73.0,53.5,13,12,11,17,66,21,41,19
135,200,451.14717473728984,2.255735873686449,0.510849320360386,0.5082950737585841,98.0,73.0,75.0,55.5,12,12,11,16,59,22,51,17
136,200,306.24825456477936,1.5312412728238969,0.5082950737585841,0.5057535983897912,96.0,33.5,74.5,25.5,12,14,13,12,66,33,33,17
137,200,403.73816089310384,2.0186908044655194,0.5057535983897912,0.5032248303978422,96.0,53.5,76.5,41.0,10,12,13,13,64,19,45,24
138,200,456.23803552653027,2.2811901776326513,0.5032248303978422,0.500708706245853,93.0,71.5,80.0,53.5,9,10,11,10,79,30,33,18
139,200,416.79619333401075,2.0839809666700537,0.500708706245853,0.4982051627146237,96.0,80.5,54.0,41.0,24,11,40,17,24,26,40,18
140,200,391.1919292209992,1.9559596461049962,0.4982051627146237,0.49571413690105054,96.5,52.0,73.5,37.5,14,12,14,12,53,25,54,16
141,200,456.84681778792105,2.284234088939605,0.49571413690105054,0.4932355662165453,95.5,79.5,68.5,54.0,17,12,16,17,82,17,18,21
142,200,446.46796697583625,2.2323398348791814,0.4932355662165453,0.4907693883854626,96.0,72.0,73.5,50.0,12,13,16,12,42,20,63,22
143,200,470.38062126631,2.35190310633155,0.4907693883854626,0.4883155414435353,98.0,75.0,78.5,55.5,14,7,9,14,39,32,68,17
144,200,470.8756342124596,2.354378171062298,0.4883155414435353,0.4858739637363176,96.5,80.5,75.0,60.0,11,12,8,19,40,24,71,15
145,200,458.75975240531113,2.293798762026556,0.4858739637363176,0.483444593917636,99.5,71.5,74.5,53.0,10,14,16,11,36,24,76,13
146,200,393.14778592871795,1.9657389296435896,0.483444593917636,0.4810273709480478,94.0,62.5,75.0,46.5,12,12,11,16,88,20,16,25
147,200,346.03853877889503,1.7301926938944752,0.4810273709480478,0.47862223409330756,97.0,42.5,78.0,34.5,15,12,10,8,64,25,48,18
148,200,382.3319622369522,1.9116598111847611,0.47862223409330756,0.47622912292284103,90.5,60.0,65.5,33.5,36,9,15,10,28,21,54,27
149,200,61.525647527542176,0.30762823763771086,0.47622912292284103,0.4738479773082268,96.0,0.5,69.5,0.0,13,18,13,18,32,23,54,29
150,200,477.48213013993114,2.3874106506996555,0.4738479773082268,0.47147873742168567,99.0,75.5,76.5,57.0,12,6,14,15,66,29,45,13
151,200,448.58017894098225,2.242900894704911,0.47147873742168567,0.46912134373457726,94.5,76.0,70.5,51.0,14,11,18,16,48,16,56,21
152,200,482.7676662099691,2.4138383310498455,0.46912134373457726,0.46677573701590436,100.0,84.5,71.0,60.5,17,13,10,18,35,21,70,16
153,200,398.4712755398261,1.9923563776991304,0.46677573701590436,0.46444185833082485,90.0,57.5,78.0,43.5,10,14,11,9,76,19,38,23
154,200,478.75019368654074,2.3937509684327036,0.46444185833082485,0.46211964903917074,100.0,76.5,78.0,61.0,10,15,10,9,35,31,75,15
155,200,435.7281170017559,2.1786405850087793,0.46211964903917074,0.4598090507939749,99.0,70.0,66.5,47.0,11,11,33,12,60,18,28,27
156,200,443.86937397748613,2.219346869887431,0.4598090507939749,0.457510005540005,96.5,72.0,70.5,48.0,11,10,28,11,74,25,19,22
157,200,408.04264198138594,2.0402132099069297,0.457510005540005,0.45522245551230495,94.5,66.0,65.5,41.0,24,15,18,12,52,21,36,22
158,200,367.0012724006279,1.8350063620031394,0.45522245551230495,0.4529463432347434,92.0,49.0,73.5,32.0,19,11,12,10,58,23,44,23
159,200,272.78114713894456,1.3639057356947228,0.4529463432347434,0.4506816115185697,99.0,29.5,74.5,22.5,10,15,12,14,68,21,47,13
160,200,346.8722563655519,1.7343612818277594,0.4506816115185697,0.4484282034609769,97.5,46.0,76.5,36.0,9,8,15,16,74,19,38,21
161,200,462.36615289748335,2.3118307644874165,0.4484282034609769,0.446186062443672,99.0,69.0,78.5,54.5,12,6,12,13,71,34,35,17
162,200,457.014185882528,2.28507092941264,0.446186062443672,0.4439551321314536,95.5,74.0,76.0,57.0,14,10,10,14,77,24,37,14
163,200,490.2876109035557,2.4514380545177783,0.4439551321314536,0.4417353564707963,97.0,85.5,75.5,64.0,12,13,10,14,76,26,34,15
164,200,477.6175512671046,2.388087756335523,0.4417353564707963,0.43952667968844233,97.5,81.5,74.5,60.0,12,13,12,13,44,24,64,18
165,200,456.954395579668,2.28477197789834,0.43952667968844233,0.43732904629000013,99.0,76.0,71.5,54.5,25,11,10,11,36,31,59,17
166,200,502.37210031433966,2.5118605015716984,0.43732904629000013,0.4351424010585501,96.5,87.5,79.0,69.5,10,8,10,13,82,22,30,25
167,200,470.8357000164608,2.354178500082304,0.4351424010585501,0.43296668905325736,99.5,76.0,75.5,57.5,12,12,9,16,66,26,43,16
168,200,483.94858180013495,2.4197429090006746,0.43296668905325736,0.43080185560799106,93.0,83.0,79.5,62.5,12,11,6,12,81,30,31,17
169,200,394.7702382812465,1.9738511914062327,0.43080185560799106,0.4286478463299511,98.5,54.5,73.5,41.0,14,19,12,7,44,24,61,19
170,200,497.8563933903742,2.489281966951871,0.4286478463299511,0.42650460709830135,98.5,83.0,80.5,64.5,7,8,10,14,71,28,42,20
171,200,474.0931950384206,2.370465975192103,0.42650460709830135,0.42437208406280985,97.0,75.0,78.5,54.5,7,13,11,13,70,26,46,14
172,200,477.2808427957537,2.3864042139787687,0.42437208406280985,0.4222502236424958,95.0,78.0,78.5,60.0,9,10,12,13,102,19,13,22
173,200,440.2215143764679,2.2011075718823396,0.4222502236424958,0.42013897252428334,97.5,65.5,78.5,51.0,9,9,13,11,52,34,56,16
174,200,362.64631241195957,1.8132315620597979,0.42013897252428334,0.4180382776616619,96.0,47.0,77.5,36.0,11,18,8,8,56,22,64,13
175,200,441.8451968655345,2.2092259843276723,0.4180382776616619,0.4159480862733536,94.5,70.0,77.0,52.5,15,8,17,6,76,25,28,25
176,200,397.94104921621204,1.9897052460810603,0.4159480862733536,0.41386834584198684,96.5,60.5,77.5,44.0,9,14,10,11,71,22,49,14
177,200,480.25856404790864,2.401292820239543,0.41386834584198684,0.4117990041127769,96.5,79.0,80.5,63.5,12,14,5,7,38,29,76,19
178,200,449.40027364768827,2.2470013682384415,0.4117990041127769,0.40974000909221303,96.0,78.5,68.5,51.5,24,17,7,14,32,26,67,13
179,200,435.0113436624185,2.1750567183120926,0.40974000909221303,0.40769130904675194,95.5,69.5,70.0,46.5,23,9,15,12,41,21,58,21
180,200,462.0888047027542,2.310444023513771,0.40769130904675194,0.40565285250151817,94.0,86.5,66.0,52.5,40,7,7,13,64,27,22,20
181,200,405.4261497098122,2.027130748549061,0.40565285250151817,0.4036245882390106,91.5,68.0,77.0,50.5,20,8,8,9,75,21,35,24
182,200,475.6551369014972,2.378275684507486,0.4036245882390106,0.4016064652978155,98.5,76.0,78.0,57.0,11,14,10,10,33,30,78,14
183,200,453.7682494699618,2.268841247349809,0.4016064652978155,0.3995984329713264,92.0,74.0,79.0,56.5,12,13,10,8,55,21,55,26
184,200,436.6592061650885,2.1832960308254425,0.3995984329713264,0.3976004408064698,96.5,71.5,75.5,52.5,8,11,16,14,41,23,70,17
185,200,420.3240708829244,2.101620354414622,0.3976004408064698,0.39561243860243744,88.5,60.0,82.5,46.5,9,10,14,3,72,28,43,21
186,200,394.6496628893367,1.9732483144466835,0.39561243860243744,0.3936343764094253,88.0,58.0,75.5,39.5,16,12,11,10,78,16,22,35
187,200,456.4675571567244,2.2823377857836222,0.3936343764094253,0.39166620452737816,92.5,76.0,74.5,54.0,13,9,19,10,83,23,18,25
188,200,462.88346960224374,2.3144173480112187,0.39166620452737816,0.3897078735047413,96.0,74.5,76.5,59.0,13,9,15,10,94,22,10,27
189,200,413.58908670774264,2.0679454335387133,0.3897078735047413,0.3877593341372176,94.0,65.0,73.5,46.5,13,9,15,15,80,22,29,17
190,200,405.4626434631217,2.0273132173156085,0.3877593341372176,0.3858205374665315,93.0,53.5,78.5,39.0,9,11,14,10,83,20,30,23
191,200,453.9541721649419,2.2697708608247096,0.3858205374665315,0.38389143477919885,94.0,66.5,82.5,53.0,8,9,9,10,56,35,61,12
192,200,491.9247024483004,2.459623512241502,0.38389143477919885,0.3819719776053028,94.0,83.0,81.5,64.5,11,12,7,8,59,28,55,20
193,200,494.8947421329758,2.474473710664879,0.3819719776053028,0.3800621177172763,97.5,85.0,77.0,63.0,11,10,12,13,76,24,32,22
194,200,491.3552321972794,2.456776160986397,0.3800621177172763,0.37816180712868996,94.0,84.0,80.5,64.5,11,15,7,7,64,23,50,23
195,200,420.47630435389544,2.1023815217694772,0.37816180712868996,0.37627099809304654,88.0,61.5,82.0,46.5,8,10,11,8,76,31,31,25
196,200,479.9207289514697,2.3996036447573483,0.37627099809304654,0.3743896431025813,97.5,75.0,78.5,59.5,7,9,18,9,71,33,38,15
197,200,490.2813250194159,2.4514066250970794,0.3743896431025813,0.37251769488706843,92.0,84.5,80.5,62.5,7,12,11,10,93,28,19,20
198,200,493.0867511417641,2.465433755708821,0.37251769488706843,0.3706551064126331,94.5,81.0,81.5,61.5,7,8,13,10,83,34,28,17
199,200,480.0403398763703,2.4002016993818516,0.3706551064126331,0.36880183088056995,96.0,79.5,78.0,58.5,11,15,11,8,84,22,31,18
200,200,456.159953259739,2.2807997662986947,0.36880183088056995,0.3669578217261671,97.0,70.5,77.0,53.0,11,10,14,12,82,10,24,37
201,200,426.649379120457,2.133246895602285,0.3669578217261671,0.36512303261753626,93.0,64.0,83.0,52.0,12,11,7,4,84,13,33,36
202,200,503.2323088055477,2.5161615440277383,0.36512303261753626,0.3632974174544486,96.5,82.5,82.5,65.5,5,9,13,8,92,8,26,39
203,200,485.75117328740765,2.4287558664370383,0.3632974174544486,0.3614809303671764,99.5,75.0,80.0,60.5,7,10,14,8,85,7,31,38
204,200,482.0840173085708,2.410420086542854,0.3614809303671764,0.3596735257153405,98.5,78.5,77.5,59.0,12,14,9,10,68,16,44,27
205,200,507.69687730319873,2.538484386515994,0.3596735257153405,0.3578751580867638,98.0,84.5,82.5,69.0,4,9,10,12,92,14,28,31
206,200,484.67581049429054,2.4233790524714527,0.3578751580867638,0.35608578229633,96.5,75.5,82.0,60.0,10,7,7,12,93,10,27,34
207,200,498.5170116308077,2.4925850581540385,0.35608578229633,0.3543053533848483,97.0,80.5,83.5,65.0,5,6,11,11,68,16,48,35
208,200,477.8886903856442,2.389443451928221,0.3543053533848483,0.35253382661792404,97.5,72.0,83.0,59.0,11,6,9,7,47,39,64,17
209,200,492.44634526739725,2.462231726336986,0.35253382661792404,0.3507711574848344,98.0,76.0,83.0,63.0,11,8,6,8,38,35,82,12
210,200,487.6432926075572,2.438216463037786,0.3507711574848344,0.34901730169741024,97.0,72.0,86.5,61.5,6,6,11,5,70,40,45,17
211,200,473.17257965682114,2.3658628982841057,0.34901730169741024,0.3472722151889232,92.0,77.0,81.5,58.5,8,6,9,14,90,14,27,32
212,200,378.52794347051815,1.8926397173525908,0.3472722151889232,0.3455358541129786,88.0,45.0,83.0,31.5,8,10,7,9,98,24,18,26
213,200,492.7459006337212,2.463729503168606,0.3455358541129786,0.3438081748424137,100.0,79.5,80.5,64.0,9,12,6,12,25,38,89,9
214,200,426.171308034843,2.1308565401742148,0.3438081748424137,0.3420891339682016,92.5,60.0,82.0,48.0,9,9,11,7,79,21,39,25
215,200,487.52781136080665,2.4376390568040334,0.3420891339682016,0.3403786882983606,92.5,80.0,84.5,62.5,10,6,8,8,47,39,65,17
216,200,422.7153307267501,2.1135766536337504,0.3403786882983606,0.3386767948568688,98.0,57.0,78.5,47.0,10,11,7,15,26,25,95,11
217,200,491.42832620138034,2.457141631006902,0.3386767948568688,0.33698341088258443,97.5,79.0,82.0,65.0,6,14,7,8,42,31,76,16
218,200,415.9255111705661,2.0796275558528303,0.33698341088258443,0.3352984938281715,94.5,64.0,73.5,45.5,11,9,22,11,95,22,9,21
219,200,481.37371963142226,2.406868598157111,0.3352984938281715,0.33362200135903064,86.0,83.5,84.0,61.5,8,7,10,6,106,19,10,34
220,200,468.48761395236806,2.3424380697618403,0.33362200135903064,0.33195389135223546,88.5,76.0,82.5,59.5,9,10,11,4,89,22,20,35
221,200,495.54236045241635,2.477711802262082,0.33195389135223546,0.3302941218954743,100.0,77.0,83.5,62.5,7,10,9,8,28,40,88,10
222,200,479.9941799381864,2.399970899690932,0.3302941218954743,0.32864265128599696,95.0,79.5,79.5,62.5,11,9,14,7,47,28,65,19
223,200,478.52821964318457,2.3926410982159227,0.32864265128599696,0.326999438029567,95.5,78.0,80.0,63.0,9,6,15,10,24,33,83,20
224,200,493.808855643343,2.4690442782167152,0.326999438029567,0.3253644408394192,98.0,78.5,83.5,65.0,5,8,13,8,21,35,93,17
225,200,481.04754831440846,2.4052377415720425,0.3253644408394192,0.3237376186352221,88.5,82.5,82.0,62.5,5,5,10,16,81,23,34,26
226,200,490.4535264224814,2.452267632112407,0.3237376186352221,0.322118930542046,88.0,85.0,83.5,63.0,8,5,11,10,106,21,9,30
227,200,498.0132120740983,2.4900660603704914,0.322118930542046,0.32050833588933575,91.0,85.0,83.5,66.5,10,6,8,9,99,19,12,37
228,200,497.3054251591633,2.4865271257958166,0.32050833588933575,0.31890579420988907,92.0,83.5,84.0,65.5,7,5,7,12,85,24,32,28
229,200,468.57697896344894,2.3428848948172445,0.31890579420988907,0.3173112652388396,94.0,76.5,78.0,59.0,9,11,14,10,74,28,37,17
230,200,469.63115952834727,2.3481557976417364,0.3173112652388396,0.3157247089126454,99.5,69.5,80.0,55.5,12,11,10,8,35,36,73,15
231,200,486.5008225411703,2.4325041127058515,0.3157247089126454,0.3141460853680822,93.0,80.0,82.5,58.0,7,5,12,12,82,24,32,26
232,200,425.4265289712731,2.1271326448563657,0.3141460853680822,0.3125753549412418,90.0,68.0,77.5,52.5,3,6,24,12,93,21,17,24
233,200,451.9581490057104,2.259790745028552,0.3125753549412418,0.31101247816653554,96.0,63.5,83.0,52.0,14,8,7,5,41,33,76,16
234,200,496.0625801275622,2.480312900637811,0.31101247816653554,0.30945741577570285,98.5,74.5,86.0,63.0,8,6,7,8,32,39,89,11
235,200,458.9682683353517,2.2948413416767584,0.30945741577570285,0.3079101286968243,90.0,73.0,82.0,58.0,11,7,9,8,61,34,45,25
236,200,468.59142702955745,2.3429571351477874,0.3079101286968243,0.3063705780533402,84.0,81.5,81.0,57.0,11,9,11,7,108,22,5,27
237,200,465.9255429936409,2.3296277149682045,0.3063705780533402,0.30483872516307353,88.0,74.5,83.0,53.5,18,6,3,8,102,22,7,34
238,200,390.50114923792694,1.9525057461896347,0.30483872516307353,0.3033145315372582,94.5,55.5,85.0,47.5,8,6,8,8,108,9,11,42
239,200,475.5328319811825,2.3776641599059123,0.3033145315372582,0.3017979588795719,93.0,76.0,81.5,58.0,10,10,7,9,106,12,8,38
240,200,501.4727719118428,2.5073638595592143,0.3017979588795719,0.30028896908517405,96.0,75.5,88.5,65.0,7,7,2,7,113,8,11,45
241,200,460.9093379676975,2.3045466898384874,0.30028896908517405,0.2987875242397482,96.0,70.5,83.0,55.0,5,16,9,5,58,9,66,32
242,200,464.20389162689764,2.3210194581344883,0.2987875242397482,0.29729358661854943,96.5,65.0,86.0,55.5,6,7,6,9,52,31,75,14
243,200,504.87330624321294,2.5243665312160646,0.29729358661854943,0.29580711868545667,98.5,77.0,89.0,67.5,6,8,4,3,26,47,93,13
244,200,503.48065309781646,2.517403265489082,0.29580711868545667,0.2943280830920294,97.5,84.0,81.5,67.0,12,7,3,15,41,24,76,22
245,200,486.8988499963991,2.4344942499819955,0.2943280830920294,0.29285644267656924,93.0,75.5,87.5,62.0,6,11,2,6,53,27,70,25
246,200,495.2189443155134,2.476094721577567,0.29285644267656924,0.2913921604631864,98.5,75.0,85.5,63.5,5,8,8,7,45,32,76,19
247,200,479.4671992206994,2.397335996103497,0.2913921604631864,0.28993519966087045,94.0,70.0,89.0,58.0,9,4,8,2,57,38,57,25
248,200,497.34681411940767,2.486734070597038,0.28993519966087045,0.2884855236625661,93.5,81.0,87.0,66.0,6,6,9,6,78,15,40,40
249,200,490.9670943969379,2.4548354719846897,0.2884855236625661,0.28704309604425327,96.5,74.0,87.0,63.0,7,11,8,1,90,15,33,35
250,200,487.3294599490132,2.436647299745066,0.28704309604425327,0.285607880564032,95.0,70.5,89.5,59.5,6,6,4,5,105,12,19,43
251,200,435.1000129961258,2.1755000649806293,0.285607880564032,0.28417984116121187,98.5,65.5,81.0,51.5,6,14,6,12,95,7,32,28
252,200,493.37122330443344,2.4668561165221674,0.28417984116121187,0.2827589419554058,100.0,70.5,88.5,64.5,8,4,5,6,103,6,23,45
253,200,159.50216627417333,0.7975108313708666,0.2827589419554058,0.28134514724562876,100.0,7.5,73.5,6.5,12,8,19,13,51,30,35,32
254,200,469.6944775785049,2.3484723878925244,0.28134514724562876,0.2799384215094006,96.0,73.5,79.0,56.5,13,15,7,7,78,12,38,30
255,200,484.60836396199574,2.4230418198099786,0.2799384215094006,0.27853872940185365,96.5,71.0,87.0,61.0,5,8,6,7,90,5,30,49
256,200,465.0273318837792,2.325136659418896,0.27853872940185365,0.27714603575484437,91.0,74.0,83.0,56.5,10,10,7,8,94,12,22,37
257,200,482.8173998454768,2.414086999227384,0.27714603575484437,0.2757603055760701,100.0,70.5,84.5,60.0,10,7,8,6,94,8,26,41
258,200,470.95510458418,2.3547755229209,0.2757603055760701,0.2743815040481898,98.5,69.0,83.0,58.5,13,8,8,5,91,7,18,50
259,200,508.57876116417845,2.542893805820892,0.2743815040481898,0.2730095965279488,92.0,84.5,88.5,70.0,4,9,5,6,98,25,21,32
260,200,471.46260011289945,2.3573130005644973,0.2730095965279488,0.27164454854530906,94.5,72.5,81.5,57.5,10,5,10,11,84,27,30,23
261,200,462.8843308953494,2.3144216544767473,0.27164454854530906,0.2702863258025825,95.5,63.0,86.5,51.0,10,9,2,7,56,34,65,17
262,200,485.40668989980173,2.4270334494990085,0.2702863258025825,0.2689348941735696,95.0,77.0,83.5,63.5,10,13,8,3,46,41,68,11
263,200,464.0817554043623,2.3204087770218114,0.2689348941735696,0.26759021970270175,93.5,68.5,83.5,55.5,9,7,10,7,98,12,15,42
264,200,445.8294909532859,2.2291474547664296,0.26759021970270175,0.2662522686041882,89.0,64.0,87.5,50.5,8,7,7,3,93,29,29,24
265,200,434.4066604156786,2.172033302078393,0.2662522686041882,0.2649210072611673,96.0,63.0,83.5,53.0,9,7,9,8,92,15,28,32
266,200,497.6886854273938,2.488443427136969,0.2649210072611673,0.26359640222486147,97.0,75.0,88.0,64.0,4,4,10,7,103,8,13,51
267,200,73.8686713521424,0.369343356760712,0.26359640222486147,0.26227842021373715,100.0,0.0,65.0,0.0,20,12,20,18,33,31,42,24
268,200,501.0510474747887,2.505255237373943,0.26227842021373715,0.2609670281126685,91.5,83.0,86.5,65.5,6,7,5,10,99,16,26,31
269,200,496.67478076469615,2.4833739038234808,0.2609670281126685,0.25966219297210513,95.5,75.5,88.5,64.0,3,10,6,4,112,12,8,45
270,200,488.2421249749196,2.441210624874598,0.25966219297210513,0.2583638820072446,91.0,74.0,90.0,59.5,4,5,8,3,98,36,25,21
271,200,489.80023145216245,2.4490011572608124,0.2583638820072446,0.2570720625972084,93.5,75.0,86.0,59.5,5,9,2,11,110,20,16,27
272,200,507.0340004823215,2.5351700024116077,0.2570720625972084,0.25578670228422234,91.0,86.0,86.5,68.5,8,8,6,5,112,9,9,43
273,200,480.7156063102826,2.403578031551413,0.25578670228422234,0.25450776877280124,95.0,71.0,88.0,62.0,9,3,7,6,107,10,7,51
274,200,485.79987220560594,2.42899936102803,0.25450776877280124,0.2532352299289372,97.5,69.5,87.5,58.5,7,5,6,7,113,3,11,48
275,200,492.4341309928111,2.4621706549640554,0.2532352299289372,0.2519690537792925,98.5,74.0,84.5,61.0,7,6,11,8,112,6,7,43
276,200,479.78671736268217,2.3989335868134107,0.2519690537792925,0.2507092085103961,99.0,68.5,86.0,58.5,8,7,5,8,105,5,12,50
277,200,443.50047146404904,2.217502357320245,0.2507092085103961,0.2494556624678441,92.0,61.5,87.5,51.5,3,9,6,8,83,13,45,33
278,200,502.34697195708367,2.5117348597854185,0.2494556624678441,0.24820838415550486,96.0,76.0,89.5,63.5,5,7,2,7,55,41,73,10
279,200,494.20801623068263,2.4710400811534132,0.24820838415550486,0.24696734223472733,93.5,76.0,88.5,62.5,5,6,7,5,59,41,63,14
280,200,499.24653465541144,2.4962326732770572,0.24696734223472733,0.2457325055235537,99.0,75.5,86.0,65.5,9,6,11,3,18,42,96,15
281,200,505.03261073524834,2.5251630536762417,0.2457325055235537,0.24450384299593592,98.5,78.0,88.5,67.5,3,8,6,6,28,36,98,15
282,200,458.2354011424461,2.2911770057122305,0.24450384299593592,0.24328132378095624,95.5,64.0,87.5,54.5,6,6,5,9,36,37,90,11
283,200,477.5874238010648,2.387937119005324,0.24328132378095624,0.24206491716205145,92.0,79.0,79.0,59.5,11,11,11,10,82,22,29,24
284,200,445.57155276320043,2.227857763816002,0.24206491716205145,0.2408545925762412,96.5,60.0,86.5,52.0,5,4,12,5,110,11,11,42
285,200,489.9146690878354,2.4495733454391773,0.2408545925762412,0.23965031961336,98.0,71.0,89.0,63.0,4,4,4,10,107,5,19,47
286,200,427.324595816824,2.13662297908412,0.23965031961336,0.2384520680152932,94.5,57.5,86.5,50.5,10,5,7,5,89,13,30,41
287,200,493.5645954015651,2.4678229770078257,0.2384520680152932,0.23725980767521673,95.5,73.5,89.5,63.5,6,3,7,6,65,35,56,22
288,200,505.09513031237907,2.5254756515618952,0.23725980767521673,0.23607350863684065,98.0,73.5,92.5,66.5,6,4,3,3,72,29,55,28
289,200,478.41845889154445,2.392092294457722,0.23607350863684065,0.23489314109365644,99.0,67.0,87.0,58.5,6,7,7,6,104,4,20,46
290,200,487.63340586320055,2.438167029316003,0.23489314109365644,0.23371867538818816,98.0,70.0,88.5,60.5,7,2,7,7,87,22,30,38
291,200,497.180144918782,2.4859007245939098,0.23371867538818816,0.23255008201124722,93.5,78.5,87.0,64.0,5,3,6,11,111,19,15,30
292,200,493.40567739593536,2.4670283869796767,0.23255008201124722,0.231387331601191,97.5,73.0,88.0,62.0,2,9,3,11,126,3,7,39
293,200,484.5510297568367,2.4227551487841836,0.231387331601191,0.23023039494318503,96.0,70.0,88.5,61.0,5,6,6,5,116,10,11,41
294,200,506.49161712741795,2.53245808563709,0.23023039494318503,0.2290792429684691,99.5,71.0,92.0,65.5,7,1,1,7,117,4,7,56
295,200,471.6015047113544,2.358007523556772,0.2290792429684691,0.22793384675362674,95.0,68.5,87.5,60.5,7,8,7,4,112,4,11,47
296,200,499.1614129482843,2.4958070647414217,0.22793384675362674,0.22679417751985861,95.5,75.0,90.0,65.0,7,3,3,7,103,16,18,43
297,200,482.52733987595207,2.4126366993797603,0.22679417751985861,0.22566020663225933,95.0,71.5,87.0,61.0,10,7,5,4,99,7,17,51
298,200,499.1536947875938,2.495768473937969,0.22566020663225933,0.22453190559909803,97.0,73.0,89.5,63.0,4,8,5,5,109,9,14,46
299,200,499.29886253457596,2.49649431267288,0.22453190559909803,0.22340924607110255,98.5,75.0,86.5,63.5,5,4,11,7,111,9,6,47
300,200,522.5694049659213,2.6128470248296067,0.22340924607110255,0.22229219984074702,99.0,82.0,89.5,71.5,8,4,4,5,115,5,8,51
301,200,488.07764227100927,2.4403882113550464,0.22229219984074702,0.2211807388415433,93.0,73.5,91.0,63.5,5,3,7,3,114,11,5,52
302,200,509.49666810843223,2.5474833405421613,0.2211807388415433,0.22007483514733558,98.0,78.0,89.0,70.0,8,2,7,5,111,6,6,55
303,200,511.5934138926418,2.557967069463209,0.22007483514733558,0.2189744609715989,96.0,80.0,89.5,69.5,6,6,3,5,123,3,5,49
304,200,494.3241569629111,2.4716207848145557,0.2189744609715989,0.2178795886667409,94.0,75.5,89.0,65.0,5,5,8,5,104,16,17,40
305,200,499.51670233794977,2.497583511689749,0.2178795886667409,0.2167901907234072,98.0,77.0,85.5,65.5,10,6,7,6,106,13,11,41
306,200,503.01054576760816,2.515052728838041,0.2167901907234072,0.21570623976979014,99.0,73.0,90.0,66.5,5,4,8,3,117,6,6,51
307,200,511.9909760014113,2.5599548800070564,0.21570623976979014,0.21462770857094118,97.0,79.5,89.0,67.0,4,8,6,4,111,0,14,53
308,200,507.1252205392333,2.5356261026961664,0.21462770857094118,0.21355457002808648,94.0,78.0,92.5,68.0,7,3,2,5,113,9,11,50
309,200,497.6991755157002,2.488495877578501,0.21355457002808648,0.21248679717794605,93.0,78.5,88.5,66.5,6,6,5,6,106,11,16,44
310,200,486.55466219862797,2.4327733109931398,0.21248679717794605,0.21142436319205632,94.5,75.0,85.5,61.0,7,7,7,7,106,8,17,41
311,200,492.6403697913241,2.4632018489566203,0.21142436319205632,0.21036724137609603,96.0,75.0,86.5,63.0,8,5,8,5,98,15,23,38
312,200,504.00014594553255,2.5200007297276628,0.21036724137609603,0.20931540516921554,93.5,75.5,93.0,64.5,3,4,5,2,108,22,16,40
313,200,494.00485329179264,2.4700242664589633,0.20931540516921554,0.20826882814336947,96.0,72.0,91.5,64.0,6,2,6,4,117,11,9,45
314,200,493.41354513597946,2.467067725679897,0.20826882814336947,0.20722748400265262,95.0,77.5,84.5,63.5,9,9,10,3,106,12,12,39
315,200,456.2306192858313,2.2811530964291564,0.20722748400265262,0.20619134658263935,89.0,69.0,87.0,53.0,7,11,2,6,106,10,22,36
316,200,476.77178286885186,2.3838589143442594,0.20619134658263935,0.20516038984972615,97.0,66.5,89.5,59.5,8,5,4,3,60,33,64,23
317,200,432.12617081440806,2.1606308540720405,0.20516038984972615,0.2041345879004775,92.5,62.5,87.0,51.5,4,6,12,5,67,32,55,19
318,200,431.8030224514085,2.1590151122570425,0.2041345879004775,0.2031139149609751,93.5,62.5,85.0,53.0,10,7,7,7,68,17,51,33
319,200,484.5482612387788,2.422741306193894,0.2031139149609751,0.20209834538617025,95.0,69.5,89.0,58.0,4,7,4,6,48,41,81,9
320,200,505.86433408983044,2.529321670449152,0.20209834538617025,0.2010878536592394,96.5,77.0,89.0,67.5,5,7,7,4,90,28,32,27
321,200,495.9115394519446,2.479557697259723,0.2010878536592394,0.2000824143909432,95.5,70.5,93.5,62.0,2,4,3,5,79,36,49,22
322,200,488.44275535572325,2.4422137767786163,0.2000824143909432,0.19908200231898848,92.0,74.0,90.5,62.0,4,6,5,4,42,41,80,18
323,200,475.2095502389137,2.3760477511945686,0.19908200231898848,0.19808659230739353,99.0,69.0,84.0,58.5,9,11,10,2,101,5,18,44
324,200,473.15438413963943,2.3657719206981973,0.19808659230739353,0.19709615934585656,97.0,69.5,85.0,59.5,8,7,7,7,99,3,18,51
325,200,469.97555612968205,2.34987778064841,0.19709615934585656,0.19611067854912728,96.5,70.0,86.0,60.0,1,7,14,6,92,8,31,41
326,200,506.8750716380912,2.534375358190456,0.19611067854912728,0.19513012515638165,99.0,71.5,93.5,66.0,5,3,4,2,27,53,95,11
327,200,502.10675348579946,2.5105337674289974,0.19513012515638165,0.19415447453059972,97.5,76.5,88.0,66.0,5,9,3,6,65,29,61,22
328,200,487.1343677752143,2.4356718388760714,0.19415447453059972,0.19318370215794672,96.5,73.5,85.5,59.5,6,8,7,8,98,3,19,51
329,200,503.8242592570076,2.519121296285038,0.19318370215794672,0.192217783647157,98.5,72.5,91.5,65.0,6,3,9,0,104,8,18,52
330,200,501.64450299655886,2.508222514982794,0.192217783647157,0.1912566947289212,99.0,73.0,90.0,65.5,1,9,6,3,105,7,23,46
331,200,500.4237261590135,2.5021186307950676,0.1912566947289212,0.1903004112552766,98.5,74.5,88.5,67.0,2,8,9,4,94,8,22,53
332,200,489.9747672319809,2.449873836159904,0.1903004112552766,0.18934890919900021,100.0,68.0,90.0,61.0,6,2,4,7,100,2,29,50
333,200,495.6328754210969,2.4781643771054847,0.18934890919900021,0.18840216465300522,98.0,72.5,88.5,62.5,7,6,8,3,96,4,23,53
334,200,485.1322549798581,2.4256612748992903,0.18840216465300522,0.18746015382974018,95.0,70.0,90.0,62.0,6,9,4,2,87,9,34,49
335,200,499.87370587304275,2.499368529365214,0.18746015382974018,0.1865228530605915,98.0,69.5,92.5,65.0,4,5,5,1,117,4,13,51
336,200,476.0548302189073,2.3802741510945364,0.1865228530605915,0.18559023879528855,96.5,67.5,86.0,58.0,6,8,6,7,104,13,16,40
337,200,507.17492838826104,2.535874641941305,0.18559023879528855,0.1846622876013121,97.0,74.5,93.0,66.5,3,0,3,8,116,2,12,56
338,200,504.50697224458247,2.5225348612229124,0.1846622876013121,0.18373897616330553,93.5,79.0,90.5,71.5,5,5,3,5,107,5,20,50
339,200,496.28064785756163,2.481403239287808,0.18373897616330553,0.182820281282489,88.0,83.0,88.0,64.0,4,10,3,6,122,6,2,47
340,200,487.4496266805771,2.4372481334028855,0.182820281282489,0.18190617987607657,90.5,78.5,87.5,62.5,5,5,10,6,99,21,16,38
341,200,504.7190392328654,2.523595196164327,0.18190617987607657,0.18099664897669618,86.5,84.5,90.5,68.5,5,6,4,5,117,18,5,40
342,200,499.3810320450759,2.4969051602253796,0.18099664897669618,0.1800916657318127,87.5,81.5,91.5,65.5,2,3,8,5,102,28,17,35
343,200,470.9482288240693,2.3547411441203465,0.1800916657318127,0.17919120740315364,90.5,72.0,88.5,60.5,4,11,4,4,116,9,14,38
344,200,499.18896754821355,2.495944837741068,0.17919120740315364,0.17829525136613786,86.5,84.0,89.0,64.0,4,7,4,6,103,28,20,28
345,200,492.59624866400486,2.462981243320024,0.17829525136613786,0.17740377510930716,80.0,84.5,92.0,63.0,3,6,3,3,110,29,14,32
346,200,499.9939143004707,2.4999695715023535,0.17740377510930716,0.17651675623376062,92.5,76.5,92.0,66.0,6,3,4,3,72,39,50,23
347,200,461.3601908995685,2.3068009544978425,0.17651675623376062,0.1756341724525918,96.0,63.0,88.5,55.5,6,12,4,2,59,17,61,39
348,200,509.4663503719549,2.5473317518597742,0.1756341724525918,0.17475600159032884,97.0,73.0,94.5,66.5,5,4,1,2,124,6,7,51
349,200,499.6920498565023,2.4984602492825116,0.17475600159032884,0.17388222158237718,94.0,77.5,89.5,65.5,2,8,3,7,124,4,5,47
350,200,493.2056084961635,2.4660280424808176,0.17388222158237718,0.1730128104744653,97.5,71.0,89.0,62.0,4,6,6,5,116,5,12,46
351,200,488.614171892872,2.4430708594643598,0.1730128104744653,0.17214774642209296,98.0,66.5,92.5,61.0,4,4,5,2,114,6,14,51
352,200,489.2700302902108,2.446350151451054,0.17214774642209296,0.1712870076899825,94.5,71.0,92.0,61.5,2,5,3,5,95,15,39,36
353,200,501.12473266527456,2.505623663326373,0.1712870076899825,0.17043057265153258,95.5,73.0,94.0,65.5,1,3,6,3,56,45,71,15
354,200,484.493906506357,2.422469532531785,0.17043057265153258,0.16957841978827493,96.5,71.0,88.5,61.0,7,7,4,4,63,33,63,19
355,200,508.2470174273259,2.5412350871366294,0.16957841978827493,0.16873052768933355,91.5,80.0,92.5,68.0,5,3,4,3,119,18,5,43
356,200,495.9224590622262,2.479612295311131,0.16873052768933355,0.1678868750508869,97.5,72.0,89.0,63.5,6,2,6,8,113,10,11,44
357,200,504.4785040908958,2.522392520454479,0.1678868750508869,0.16704744067563246,99.0,72.5,92.0,67.0,6,4,3,3,118,7,12,47
358,200,501.2586085590762,2.506293042795381,0.16704744067563246,0.1662122034722543,94.0,76.5,89.5,66.0,7,6,2,5,112,10,14,44
359,200,492.6161320891871,2.4630806604459354,0.1662122034722543,0.16538114245489302,98.0,68.0,93.0,63.0,5,3,3,3,106,6,24,50
360,200,491.17622616534294,2.4558811308267146,0.16538114245489302,0.16455423674261854,94.5,75.5,89.0,63.0,6,9,1,5,42,31,87,19
361,200,499.25038218454665,2.4962519109227332,0.16455423674261854,0.16373146555890544,94.0,70.5,96.0,63.5,5,0,1,2,83,37,43,29
362,200,498.9334844968062,2.494667422484031,0.16373146555890544,0.16291280823111093,95.0,69.5,96.5,63.0,1,3,1,2,43,46,89,15
363,200,495.11721535026567,2.4755860767513282,0.16291280823111093,0.16209824418995536,92.0,77.0,89.5,64.0,6,5,3,7,62,36,64,17
364,200,486.06548355603405,2.43032741778017,0.16209824418995536,0.16128775296900558,98.5,64.5,94.0,60.5,0,6,5,1,119,9,14,46
365,200,486.40694582242907,2.432034729112145,0.16128775296900558,0.16048131420416054,91.5,73.0,91.0,61.5,5,6,4,2,108,11,14,50
366,200,491.1709829992095,2.4558549149960474,0.16048131420416054,0.15967890763313974,91.5,76.0,90.5,64.0,5,6,3,5,113,14,16,38
367,200,501.16503552747315,2.505825177637366,0.15967890763313974,0.15888051309497406,98.5,72.0,90.5,63.5,4,9,3,3,109,5,19,48
368,200,490.13322949444915,2.450666147472246,0.15888051309497406,0.1580861105294992,97.5,69.0,89.5,60.0,7,5,5,4,101,10,20,48
369,200,471.02849935038404,2.3551424967519203,0.1580861105294992,0.1572956799768517,97.5,63.0,92.5,58.0,2,5,4,6,110,10,18,45
370,200,496.1838389612197,2.4809191948060985,0.1572956799768517,0.15650920157696743,95.5,69.0,95.0,62.0,3,1,4,2,104,10,24,52
371,200,512.2445406699491,2.5612227033497454,0.15650920157696743,0.1557266555690826,97.5,78.0,90.0,68.0,5,7,0,8,117,3,9,51
372,200,522.2477282066606,2.6112386410333026,0.1557266555690826,0.1549480222912372,100.0,77.5,93.0,71.5,3,2,4,7,116,3,7,58
373,200,510.94264216668086,2.554713210833404,0.1549480222912372,0.15417328217978102,96.5,75.0,93.0,66.5,3,5,4,3,124,8,6,47
374,200,473.6560040953822,2.3682800204769108,0.15417328217978102,0.1534024157688821,95.0,61.0,96.0,58.5,0,2,6,1,118,3,14,56
375,200,509.0253214288722,2.545126607144361,0.1534024157688821,0.1526354036900377,95.0,78.5,91.0,67.5,7,4,3,4,104,4,21,53
376,200,482.2354315784138,2.411177157892069,0.1526354036900377,0.1518722266715875,98.0,68.5,89.5,64.0,8,5,4,5,111,3,15,49
377,200,518.3022651107232,2.5915113255536157,0.1518722266715875,0.15111286553822956,99.5,73.0,95.5,68.5,4,3,2,2,117,3,8,61
378,200,505.8659701644855,2.5293298508224273,0.15111286553822956,0.15035730121053842,96.5,76.5,91.0,69.5,3,5,8,1,99,7,22,55
379,200,510.3377988774258,2.551688994387129,0.15035730121053842,0.14960551470448571,97.0,77.0,91.5,67.5,3,4,5,5,119,2,8,54
380,200,512.9606188722286,2.564803094361143,0.14960551470448571,0.14885748713096328,98.0,77.0,91.5,70.0,7,4,0,5,125,2,4,53
381,200,499.1656582385769,2.4958282911928844,0.14885748713096328,0.14811319969530845,97.5,67.0,95.5,65.0,3,1,4,1,111,1,12,67
382,200,518.3954339198892,2.591977169599446,0.14811319969530845,0.1473726336968319,98.5,77.0,94.0,70.5,1,5,4,4,118,8,8,52
383,200,508.43592324507625,2.5421796162253814,0.1473726336968319,0.14663577052834775,97.0,76.0,92.0,67.5,3,3,6,3,115,1,11,58
384,200,489.70198365746774,2.4485099182873387,0.14663577052834775,0.14590259167570602,90.5,77.0,90.5,66.0,6,5,5,3,89,29,28,35
385,200,487.3809177049504,2.436904588524752,0.14590259167570602,0.1451730787173275,91.0,72.5,91.5,62.5,3,7,3,4,70,32,56,25
386,200,511.9811548598612,2.559905774299306,0.1451730787173275,0.14444721332374086,93.5,77.0,96.0,68.5,3,3,1,2,74,42,56,19
387,200,500.45908896959446,2.5022954448479724,0.14444721332374086,0.14372497725712216,95.5,73.5,93.0,66.5,5,3,4,2,115,9,7,55
388,200,515.4667879816886,2.5773339399084434,0.14372497725712216,0.14300635237083656,99.5,74.0,94.0,69.5,3,3,3,4,121,4,8,54
389,200,484.41035657919673,2.4220517828959838,0.14300635237083656,0.14229132060898236,96.5,68.5,90.0,60.0,3,9,2,6,95,10,30,45
390,200,494.84880976422176,2.4742440488211086,0.14229132060898236,0.14157986400593744,96.0,72.5,91.5,63.0,4,5,2,6,43,52,80,8
391,200,488.0940683950845,2.4404703419754226,0.14157986400593744,0.14087196468590776,96.5,70.0,89.0,60.0,6,8,4,4,58,30,62,28
392,200,500.6013819198404,2.503006909599202,0.14087196468590776,0.14016760486247823,99.5,69.5,94.0,64.5,3,5,3,2,118,4,5,60
393,200,513.0761346730251,2.565380673365125,0.14016760486247823,0.13946676683816583,99.0,71.5,96.0,69.0,1,3,3,2,124,5,5,57
394,200,500.96287566148493,2.5048143783074246,0.13946676683816583,0.138769433003975,96.5,72.0,93.5,65.5,5,4,1,4,114,10,17,45
395,200,472.1305074086304,2.360652537043152,0.138769433003975,0.13807558583895513,97.5,66.5,87.0,59.5,6,10,4,5,103,4,25,43
396,200,479.92566260527724,2.399628313026386,0.13807558583895513,0.13738520790976036,97.0,64.5,93.5,61.0,2,6,4,3,116,6,16,47
397,200,506.9942502643403,2.5349712513217013,0.13738520790976036,0.13669828187021155,99.5,70.5,93.5,66.0,5,1,7,1,91,10,32,53
398,200,495.3924088845061,2.4769620444225304,0.13669828187021155,0.13601479046086049,94.5,74.5,90.5,61.5,6,5,2,5,67,36,56,23
399,200,487.55414430051195,2.43777072150256,0.13601479046086049,0.1353347165085562,97.0,68.0,91.5,62.0,5,4,5,3,38,50,89,6
400,200,464.99681873206947,2.324984093660347,0.1353347165085562,0.1346580429260134,95.0,66.0,89.5,56.0,4,8,1,7,62,25,71,22
401,200,505.6182210497566,2.528091105248783,0.1346580429260134,0.13398475271138335,97.5,73.0,94.0,67.5,2,4,5,1,20,55,105,8
402,200,493.6870421636422,2.4684352108182113,0.13398475271138335,0.13331482894782642,94.5,70.0,91.5,61.5,8,2,4,3,95,27,26,35
403,200,510.7268986103439,2.553634493051719,0.13331482894782642,0.13264825480308728,99.5,75.0,91.5,68.0,4,2,4,6,120,3,5,56
404,200,511.22606228620066,2.556130311431003,0.13264825480308728,0.13198501352907185,98.5,75.0,93.0,69.0,7,4,1,2,117,4,6,59
405,200,506.5711732100966,2.532855866050483,0.13198501352907185,0.1313250884614265,93.5,79.5,91.0,66.0,3,5,3,8,122,2,4,53
406,200,464.74642906401436,2.3237321453200717,0.1313250884614265,0.13066846301911936,95.0,67.0,90.5,59.0,9,2,5,3,114,5,9,53
407,200,505.23407805031246,2.526170390251562,0.13066846301911936,0.13001512070402377,98.0,73.5,92.5,67.5,8,4,3,1,112,3,9,60
408,200,500.5509364006558,2.502754682003279,0.13001512070402377,0.12936504510050365,96.5,74.5,91.0,66.5,6,4,3,4,114,4,12,53
409,200,505.2821535509985,2.5264107677549923,0.12936504510050365,0.12871821987500112,96.0,73.5,93.5,66.5,5,1,3,5,119,4,7,56
410,200,510.06079550055114,2.5503039775027556,0.12871821987500112,0.12807462877562611,97.5,73.5,94.5,68.5,4,2,4,3,122,1,4,60
411,200,516.1481423338004,2.580740711669002,0.12807462877562611,0.12743425563174798,92.0,83.0,92.5,73.0,5,6,2,2,126,3,3,53
412,200,500.28384466268943,2.501419223313447,0.12743425563174798,0.12679708435358925,97.0,71.5,93.5,67.0,3,2,4,3,122,4,7,55
413,200,502.14183082177686,2.510709154108884,0.12679708435358925,0.1261630989318213,98.0,73.5,91.5,67.5,6,3,6,2,111,8,9,55
414,200,508.4475785186702,2.542237892593351,0.1261630989318213,0.1255322834371622,99.0,74.0,93.0,68.0,2,2,5,6,107,8,16,54
415,200,508.0309575690134,2.540154787845067,0.1255322834371622,0.12490462201997637,99.5,72.0,93.0,67.0,5,1,2,5,124,2,2,59
416,200,503.9115493101748,2.519557746550874,0.12490462201997637,0.1242800989098765,98.0,69.5,97.5,68.0,2,0,2,3,117,7,6,63
417,200,513.3856681934756,2.5669283409673778,0.1242800989098765,0.12365869841532712,95.5,82.0,89.5,69.5,5,7,6,3,117,2,7,53
418,200,514.5462676183473,2.5727313380917365,0.12365869841532712,0.12304040492325048,98.0,75.5,94.0,70.0,3,4,2,4,127,1,3,56
419,200,504.52800679374917,2.522640033968746,0.12304040492325048,0.12242520289863423,93.5,74.5,95.5,66.5,3,3,1,3,116,6,12,56
420,200,511.60950677307704,2.5580475338653854,0.12242520289863423,0.12181307688414106,94.5,75.0,96.0,69.0,3,1,1,3,108,8,21,55
421,200,494.92675201364153,2.474633760068208,0.12181307688414106,0.12120401149972035,92.0,75.5,91.0,64.5,10,1,4,2,106,18,10,49
422,200,504.75311809372346,2.523765590468617,0.12120401149972035,0.12059799144222175,93.5,74.0,96.0,66.0,4,1,2,3,112,13,12,53
423,200,505.2304242644654,2.526152121322327,0.12059799144222175,0.11999500148501063,96.0,73.5,93.5,67.0,2,4,5,2,111,17,13,46
424,200,515.3807750863922,2.576903875431961,0.11999500148501063,0.11939502647758558,94.5,79.0,94.5,72.0,5,1,2,4,117,16,10,45
425,200,519.3335293648629,2.5966676468243146,0.11939502647758558,0.11879805134519765,96.0,78.5,95.0,71.5,1,3,4,3,124,10,4,51
426,200,523.9228617369479,2.6196143086847394,0.11879805134519765,0.11820406108847166,97.0,79.5,95.0,73.0,2,5,2,1,126,6,3,55
427,200,506.2728797180705,2.5313643985903527,0.11820406108847166,0.1176130407830293,98.0,72.0,94.0,68.0,3,1,4,4,117,4,12,55
428,200,518.4731949741113,2.5923659748705563,0.1176130407830293,0.11702497557911415,98.5,75.0,95.5,70.0,4,3,2,1,124,3,6,57
429,200,498.7775024312976,2.493887512156488,0.11702497557911415,0.11643985070121858,93.5,71.5,96.0,66.5,2,1,5,2,110,15,19,46
430,200,519.9409674524893,2.5997048372624465,0.11643985070121858,0.11585765144771248,92.5,85.5,92.5,72.0,3,3,3,6,116,4,11,54
431,200,521.334430359755,2.6066721517987745,0.11585765144771248,0.11527836319047392,98.0,78.5,93.5,71.5,1,5,4,5,127,3,1,54
432,200,514.8815632689981,2.5744078163449906,0.11527836319047392,0.11470197137452155,96.5,76.0,94.0,69.0,2,3,4,3,122,6,4,56
433,200,514.4240261570965,2.5721201307854824,0.11470197137452155,0.11412846151764894,96.0,76.5,95.5,69.5,1,2,3,3,121,6,8,56
434,200,497.90175048771863,2.489508752438593,0.11412846151764894,0.1135578192100607,95.5,70.0,98.0,67.0,0,4,0,1,104,5,30,56
435,200,499.02647830428873,2.4951323915214436,0.1135578192100607,0.11299003011401039,96.0,71.5,95.5,66.0,2,3,3,2,108,8,24,50
436,200,510.85839762913605,2.55429198814568,0.11299003011401039,0.11242507996344034,93.0,78.5,93.5,68.5,5,5,3,0,119,7,9,52
437,200,524.8890620335839,2.6244453101679195,0.11242507996344034,0.11186295456362313,99.0,76.0,96.0,71.0,2,5,2,0,117,3,12,59
438,200,477.5157138358865,2.3875785691794325,0.11186295456362313,0.11130363979080501,97.5,64.5,90.0,59.5,7,6,3,4,103,4,26,47
439,200,500.99351343285394,2.50496756716427,0.11130363979080501,0.11074712159185099,94.5,72.0,95.0,66.0,3,4,2,0,119,13,7,52
440,200,506.76454478279425,2.5338227239139712,0.11074712159185099,0.11019338598389174,92.5,77.5,93.5,67.5,2,5,3,4,120,8,5,53
441,200,482.14408655605854,2.410720432780293,0.11019338598389174,0.10964241905397228,96.5,64.0,97.0,62.5,2,4,0,0,107,3,29,55
442,200,511.8962619376772,2.559481309688386,0.10964241905397228,0.10909420695870241,97.0,72.5,97.0,69.0,2,1,2,0,130,10,3,52
443,200,493.81876895421624,2.469093844771081,0.10909420695870241,0.1085487359239089,90.0,75.0,93.0,65.0,3,4,4,4,87,28,38,32
444,200,485.01773407357655,2.4250886703678827,0.1085487359239089,0.10800599224428936,86.5,77.0,91.5,63.5,2,3,5,6,119,16,11,38
445,200,507.6499059091818,2.5382495295459093,0.10800599224428936,0.10746596228306791,97.5,74.5,92.0,66.0,4,5,3,5,124,4,3,52
446,200,506.99149175588434,2.534957458779422,0.10746596228306791,0.10692863247165257,94.0,72.5,97.5,67.5,0,3,3,0,118,17,13,46
447,200,501.3278865784339,2.5066394328921695,0.10692863247165257,0.1063939893092943,94.5,75.0,92.5,64.5,2,5,4,4,44,37,84,20
448,200,504.68835044914226,2.523441752245711,0.1063939893092943,0.10586201936274783,93.5,75.0,94.5,66.5,6,3,1,2,105,13,25,45
449,200,503.94513065688653,2.5197256532844325,0.10586201936274783,0.10533270926593409,93.5,74.0,96.0,67.0,1,2,3,2,115,13,14,50
450,200,475.70457842778194,2.3785228921389097,0.10533270926593409,0.10480604571960442,95.0,65.0,92.0,60.5,5,4,4,3,110,8,15,51
451,200,516.1318084727534,2.580659042363767,0.10480604571960442,0.1042820154910064,97.5,73.0,97.5,68.5,0,4,3,0,120,6,12,55
452,200,489.64825309491323,2.448241265474566,0.1042820154910064,0.10376060541355137,97.5,68.0,94.5,64.0,3,1,3,3,113,9,18,50
453,200,505.6684879086357,2.5283424395431786,0.10376060541355137,0.1032418023864836,99.0,69.0,94.5,66.0,3,1,7,1,122,11,4,51
454,200,515.8569036186623,2.5792845180933113,0.1032418023864836,0.10272559337455119,95.5,77.5,94.5,69.0,2,4,1,5,112,15,16,45
455,200,509.8447134910048,2.5492235674550243,0.10272559337455119,0.10221196540767843,92.0,84.0,90.0,69.0,4,10,4,3,15,39,106,19
456,200,497.3356896157514,2.486678448078757,0.10221196540767843,0.10170090558064004,88.5,77.5,92.5,63.0,2,3,3,6,91,39,42,14
457,200,497.98162253454313,2.489908112672716,0.10170090558064004,0.10119240105273684,93.5,72.0,95.5,65.0,1,4,0,3,106,21,30,35
458,200,507.3973683369842,2.536986841684921,0.10119240105273684,0.10068643904747315,98.0,70.5,95.5,67.0,3,2,3,1,113,13,14,51
459,200,514.48594085053,2.57242970425265,0.10068643904747315,0.10018300685223579,99.5,72.5,94.5,68.5,4,3,3,2,124,5,3,56
460,200,506.1455070993739,2.5307275354968697,0.10018300685223579,0.0996820918179746,96.0,75.0,94.0,67.0,4,4,0,3,121,1,8,59
461,200,471.15468863575035,2.3557734431787516,0.0996820918179746,0.09918368135888474,96.5,61.5,96.0,59.5,0,3,6,0,114,5,18,54
462,200,514.3287061897652,2.5716435309488257,0.09918368135888474,0.09868776295209031,97.0,73.0,97.0,69.5,3,2,0,2,126,4,2,61
463,200,494.628453647326,2.47314226823663,0.09868776295209031,0.09819432413732986,97.0,69.5,94.5,64.5,1,4,3,2,122,5,9,54
464,200,511.3454057158046,2.556727028579023,0.09819432413732986,0.09770335251664321,94.0,77.0,95.0,69.5,3,3,2,2,120,12,9,49
465,200,498.5560848271194,2.492780424135597,0.09770335251664321,0.09721483575406,98.0,70.5,93.0,66.0,6,3,4,2,109,6,13,57
466,200,515.8275516805566,2.5791377584027826,0.09721483575406,0.09672876157528969,99.0,69.0,98.5,66.5,0,2,2,1,128,1,6,60
467,200,511.34461446142814,2.5567230723071406,0.09672876157528969,0.09624511776741324,98.5,70.5,96.0,67.0,1,1,5,1,121,9,5,57
468,200,511.471255704708,2.55735627852354,0.09624511776741324,0.09576389217857617,98.0,72.0,95.5,67.0,3,5,1,1,130,1,0,59
469,200,506.1985473274018,2.530992736637009,0.09576389217857617,0.09528507271768329,96.0,72.0,96.5,66.5,3,4,1,1,118,9,9,55
470,200,514.6848741794269,2.5734243708971345,0.09528507271768329,0.09480864735409487,96.5,77.5,94.0,70.0,0,8,3,2,119,5,8,55
471,200,515.8183020574309,2.5790915102871543,0.09480864735409487,0.0943346041173244,99.5,71.0,96.5,68.0,2,1,3,2,123,5,3,61
472,200,502.61118343236683,2.513055917161834,0.0943346041173244,0.09386293109673778,97.5,67.0,97.0,64.0,1,2,2,2,121,7,8,57
473,200,503.08319431641195,2.5154159715820597,0.09386293109673778,0.09339361644125409,98.0,68.0,98.0,66.0,2,2,0,1,125,2,4,64
474,200,501.2004452194042,2.5060022260970207,0.09339361644125409,0.09292664835904782,98.0,69.5,93.5,64.5,5,5,1,2,117,4,11,55
475,200,503.5202313258066,2.517601156629033,0.09292664835904782,0.09246201511725258,94.0,74.0,95.5,66.0,2,3,1,3,101,17,31,42
476,200,507.1479423106097,2.5357397115530484,0.09246201511725258,0.09199970504166631,97.5,72.5,93.0,65.0,3,6,3,3,124,4,6,51
477,200,507.2641686304766,2.536320843152383,0.09199970504166631,0.09153970651645797,100.0,71.0,94.0,65.5,3,5,1,5,114,6,12,54
478,200,515.857281372618,2.57928640686309,0.09153970651645797,0.09108200798387568,98.5,72.0,98.0,69.5,0,2,2,2,130,4,5,55
479,200,484.6659706793476,2.423329853396738,0.09108200798387568,0.0906265979439563,95.0,65.5,96.0,61.0,3,2,2,2,123,8,9,51
480,200,498.536746082033,2.492683730410165,0.0906265979439563,0.09017346495423652,93.0,72.5,96.0,66.0,3,6,0,1,108,12,23,47
481,200,507.12507029191346,2.5356253514595672,0.09017346495423652,0.08972259762946533,96.0,71.5,97.0,66.0,2,3,1,1,111,11,23,48
482,200,505.38730767284653,2.526936538364233,0.08972259762946533,0.089273984641318,94.0,72.0,97.0,66.0,2,1,3,2,121,17,9,45
483,200,501.27200288323684,2.506360014416184,0.089273984641318,0.0888276147181114,98.0,68.0,96.0,64.0,2,3,2,1,127,8,6,51
484,200,503.0611844464507,2.5153059222322534,0.0888276147181114,0.08838347664452084,94.0,73.5,95.0,65.5,1,4,3,1,116,18,10,47
485,200,484.15822640821295,2.4207911320410647,0.08838347664452084,0.08794155926129824,98.5,63.0,94.0,60.5,3,4,2,3,126,6,7,49
486,200,503.4517552255297,2.517258776127649,0.08794155926129824,0.08750185146499175,97.0,69.0,95.5,63.5,5,2,3,1,120,4,7,58
487,200,503.25397984408977,2.5162698992204486,0.08750185146499175,0.08706434220766679,96.5,68.5,98.0,65.5,2,1,0,2,125,9,5,56
488,200,475.96488623725077,2.379824431186254,0.08706434220766679,0.08662902049662846,97.0,60.0,97.5,59.0,1,2,2,1,126,2,9,57
489,200,505.4868735490417,2.5274343677452085,0.08662902049662846,0.08619587539414532,98.0,70.0,96.0,65.5,4,3,0,2,110,8,19,54
490,200,437.7617121922908,2.188808560961454,0.08619587539414532,0.08576489601717459,91.5,63.5,86.5,52.0,4,9,6,8,85,21,43,24
491,200,509.5596273786184,2.547798136893092,0.08576489601717459,0.08533607153708872,96.5,69.5,99.5,66.0,1,1,1,0,126,5,6,60
492,200,505.0746016066046,2.525373008033023,0.08533607153708872,0.08490939117940327,91.5,75.0,97.0,65.5,2,1,3,2,125,8,5,54
493,200,489.90429811176205,2.4495214905588103,0.08490939117940327,0.08448484422350626,96.5,65.5,96.0,62.0,0,5,3,1,110,9,17,55
494,200,509.8981115140384,2.5494905575701923,0.08448484422350626,0.08406242000238873,97.5,76.0,93.0,69.0,4,2,3,5,114,4,14,54
495,200,512.0955114336592,2.560477557168296,0.08406242000238873,0.08364210790237678,99.5,72.0,95.5,68.0,2,3,3,2,129,2,2,57
496,200,506.16560616247654,2.5308280308123825,0.08364210790237678,0.0832238973628649,99.0,68.0,95.5,64.5,4,0,2,4,122,8,6,54
497,200,509.3116020398246,2.546558010199123,0.0832238973628649,0.08280777787605056,100.0,71.0,95.0,67.0,1,4,2,4,124,2,3,60
498,200,511.45859620117545,2.5572929810058773,0.08280777787605056,0.08239373898667031,99.0,69.5,98.0,67.0,1,1,1,2,133,1,4,57
499,200,195.327270730939,0.976636353654695,0.08239373898667031,0.08198177029173696,97.0,1.0,74.5,1.0,18,8,17,7,45,22,53,30
500,200,511.00369115269996,2.5550184557635,0.08198177029173696,0.08157186144027828,98.5,71.5,94.0,67.0,1,3,6,3,123,7,3,54
501,200,11.462022359334957,0.057310111796674786,0.08157186144027828,0.0811640021330769,99.0,0.0,60.0,0.0,20,20,21,18,34,24,32,31
502,200,33.935140792609864,0.16967570396304932,0.0811640021330769,0.08075818212241151,100.0,0.0,59.0,0.0,22,19,21,19,31,27,32,29
503,200,29.34453557160853,0.14672267785804266,0.08075818212241151,0.08035439121179945,99.5,0.0,59.0,0.0,22,21,20,19,34,27,30,27
504,200,518.3638481139642,2.591819240569821,0.08035439121179945,0.07995261925574046,99.0,72.0,97.5,69.0,1,4,0,1,129,2,5,58
505,200,10.836728237396944,0.05418364118698472,0.07995261925574046,0.07955285615946175,99.5,0.0,59.0,0.0,21,20,22,19,32,27,31,28
506,200,511.53060567151635,2.557653028357582,0.07955285615946175,0.07915509187866444,97.5,71.0,96.5,66.5,0,3,4,1,122,5,9,56
507,200,522.0518737062147,2.6102593685310733,0.07915509187866444,0.07875931641927113,99.0,73.5,97.0,70.0,2,3,1,1,132,0,1,60
508,200,495.2277802976187,2.4761389014880937,0.07875931641927113,0.07836551983717477,99.5,64.5,96.0,63.5,3,3,1,2,118,2,15,56
509,200,501.50105669605404,2.50750528348027,0.07836551983717477,0.07797369223798889,98.5,71.0,91.5,65.0,8,4,2,3,116,9,9,49
510,200,519.5921568208855,2.5979607841044277,0.07797369223798889,0.07758382377679894,99.5,72.0,98.5,70.5,2,0,2,1,129,5,1,60
511,200,35.22711861086826,0.1761355930543413,0.07758382377679894,0.07719590465791494,88.0,0.5,68.5,0.0,11,32,10,10,15,13,71,38
512,200,19.674713722577604,0.09837356861288801,0.07719590465791494,0.07680992513462537,100.0,0.0,60.0,0.0,22,20,19,19,31,27,34,28
513,200,507.1553923820902,2.535776961910451,0.07680992513462537,0.07642587550895225,95.0,74.0,96.0,66.5,0,4,2,2,111,8,21,52
514,200,474.6542202453225,2.3732711012266123,0.07642587550895225,0.07604374613140748,95.0,62.5,94.5,56.0,4,3,2,2,117,14,15,43
515,200,494.8751165848575,2.4743755829242873,0.07604374613140748,0.07566352740075044,95.0,67.0,96.5,61.5,2,2,3,1,37,53,89,13
516,200,503.0077882712957,2.515038941356478,0.07566352740075044,0.07528520976374668,98.0,70.5,95.5,67.5,4,1,3,3,8,54,123,4
517,200,503.6365860665028,2.518182930332514,0.07528520976374668,0.07490878371492794,97.5,69.0,97.0,64.0,1,3,2,2,40,43,93,16
518,200,498.0451126419422,2.490225563209711,0.07490878371492794,0.0745342397963533,99.5,66.5,94.5,63.0,2,1,2,5,110,6,17,57
519,200,494.2844531346136,2.471422265673068,0.0745342397963533,0.07416156859737154,98.5,66.0,95.0,63.5,2,4,3,1,129,3,3,55
520,200,507.41587857158555,2.537079392857928,0.07416156859737154,0.07379076075438468,100.0,67.0,98.0,65.0,0,0,3,4,127,1,3,62
521,200,512.5869297683882,2.5629346488419413,0.07379076075438468,0.07342180695061275,99.0,69.0,97.5,66.0,2,0,1,3,128,3,4,59
522,200,504.39986123860484,2.5219993061930244,0.07342180695061275,0.07305469791585968,98.5,67.0,97.5,63.0,0,1,2,4,134,1,3,55
523,200,502.964334863484,2.51482167431742,0.07305469791585968,0.07268942442628039,97.0,68.5,97.0,64.5,1,3,0,5,132,4,4,51
524,200,492.8047898390703,2.4640239491953513,0.07268942442628039,0.07232597730414898,98.0,64.5,96.5,61.5,2,4,2,0,129,4,6,53
525,200,513.0282604390685,2.5651413021953426,0.07232597730414898,0.07196434741762824,99.0,70.0,96.5,67.0,1,3,2,1,132,2,1,58
526,200,505.6024319046357,2.5280121595231786,0.07196434741762824,0.0716045256805401,97.0,68.5,98.0,65.0,3,0,1,1,123,5,10,57
527,200,490.69375315916636,2.4534687657958316,0.0716045256805401,0.0712465030521374,96.5,65.5,96.5,61.0,1,0,4,3,125,9,9,49
528,200,486.60403788729263,2.4330201894364634,0.0712465030521374,0.0708902705368767,96.5,64.5,95.5,61.5,2,2,3,2,121,6,4,60
529,200,510.82008835271887,2.554100441763594,0.0708902705368767,0.07053581918419231,100.0,67.5,98.0,66.0,1,2,2,0,127,4,1,63
530,200,502.66343851147883,2.5133171925573943,0.07053581918419231,0.07018314008827135,97.5,66.5,98.0,65.0,2,2,1,1,128,2,2,62
531,200,484.4021541242763,2.4220107706213816,0.07018314008827135,0.06983222438783,95.5,63.0,97.5,61.0,2,0,4,0,126,3,6,59
532,200,505.29322846489686,2.5264661423244843,0.06983222438783,0.06948306326589085,96.5,70.5,96.5,66.0,1,0,5,1,123,11,6,53
533,200,509.1248737566717,2.5456243687833586,0.06948306326589085,0.0691356479495614,99.5,69.0,95.5,66.0,5,2,1,1,117,8,12,54
534,200,512.6098172184261,2.5630490860921302,0.0691356479495614,0.06878996970981359,100.0,69.0,96.5,67.0,2,2,1,2,133,2,2,56
535,200,509.5541463546677,2.5477707317733387,0.06878996970981359,0.06844601986126451,98.5,69.0,96.0,65.0,4,0,0,4,128,2,4,58
536,200,505.7282519788815,2.5286412598944072,0.06844601986126451,0.06810378976195819,97.5,68.5,97.5,64.0,4,1,1,1,123,2,7,61
537,200,502.256431464017,2.511282157320085,0.06810378976195819,0.0677632708131484,99.5,67.5,97.0,65.5,2,3,0,2,126,3,2,62
538,200,512.1364644101441,2.56068232205072,0.0677632708131484,0.06742445445908266,99.0,68.0,97.5,67.0,4,0,0,2,129,4,3,58
539,200,505.9503124142032,2.529751562071016,0.06742445445908266,0.06708733218678724,98.5,69.5,94.5,65.0,3,2,2,4,127,3,4,55
540,200,504.86852737020286,2.5243426368510145,0.06708733218678724,0.0667518955258533,97.5,69.5,94.5,66.5,3,2,3,3,125,6,1,57
541,200,514.2270065261644,2.571135032630822,0.0667518955258533,0.06641813604822402,99.0,69.0,100.0,68.0,0,0,1,0,132,3,5,59
542,200,502.42475181540436,2.512123759077022,0.06641813604822402,0.0660860453679829,99.0,67.0,97.5,64.5,1,2,1,2,118,9,11,56
543,200,510.14630901678595,2.55073154508393,0.0660860453679829,0.06575561514114299,99.5,69.0,97.0,65.5,1,4,0,0,131,0,2,62
544,200,515.4241217403888,2.5771206087019443,0.06575561514114299,0.06542683706543727,100.0,67.5,100.0,67.5,0,0,0,0,130,0,3,67
545,200,504.0245025344591,2.5201225126722955,0.06542683706543727,0.06509970288011008,97.0,67.0,98.0,65.0,1,1,3,1,128,3,6,57
546,200,510.133762600016,2.55066881300008,0.06509970288011008,0.06477420436570952,99.0,70.5,96.5,66.5,0,8,0,1,115,2,18,56
547,200,516.0714790544696,2.580357395272348,0.06477420436570952,0.06445033334388098,99.5,69.0,98.5,68.5,1,1,1,1,130,4,2,60
548,200,513.9244514290425,2.5696222571452125,0.06445033334388098,0.06412808167716157,99.5,70.0,97.5,68.0,2,2,0,2,124,4,5,61
549,200,514.788373343759,2.573941866718795,0.06412808167716157,0.06380744126877576,99.5,70.0,96.5,67.5,2,1,2,2,128,4,3,58
550,200,504.54492044175765,2.5227246022087884,0.06380744126877576,0.06348840406243188,95.0,72.0,96.5,67.0,3,2,1,2,110,13,17,52
551,200,512.2718968571105,2.5613594842855525,0.06348840406243188,0.06317096204211972,99.5,69.0,97.0,66.5,0,3,2,3,129,5,2,56
552,200,514.5960871382907,2.572980435691454,0.06317096204211972,0.06285510723190912,99.5,71.5,97.0,68.5,1,2,0,4,127,3,3,60
553,200,502.84346795959215,2.514217339797961,0.06285510723190912,0.06254083169574957,95.0,71.5,96.5,65.5,1,3,3,2,37,57,89,8
554,200,503.64239770743035,2.5182119885371517,0.06254083169574957,0.062228127537270826,99.5,68.0,96.5,65.5,2,1,1,3,10,55,126,2
555,200,498.2916957638047,2.4914584788190233,0.062228127537270826,0.06191698689958447,98.0,65.5,97.5,63.0,0,2,1,3,118,7,11,58
556,200,513.1899512147837,2.5659497560739184,0.06191698689958447,0.061607401965086545,96.5,70.5,98.5,66.5,1,2,0,2,129,1,6,59
557,200,504.0610544095354,2.5203052720476773,0.061607401965086545,0.06129936495526111,98.0,66.5,98.5,64.0,1,1,2,0,131,2,4,59
558,200,503.1855836537822,2.515927918268911,0.06129936495526111,0.0609928681304848,97.5,69.5,96.5,64.0,2,1,1,5,126,2,8,55
559,200,508.067734354141,2.540338671770705,0.0609928681304848,0.060687903789832374,99.5,68.5,97.5,65.5,1,2,1,2,131,1,1,61
560,200,503.07837362277616,2.515391868113881,0.060687903789832374,0.06038446427088321,99.0,66.5,97.5,65.5,1,1,3,0,118,9,13,55
561,200,506.8371035635214,2.534185517817607,0.06038446427088321,0.06008254194952879,99.0,69.0,96.5,66.0,1,1,2,4,130,3,4,55
562,200,502.5409621153104,2.512704810576552,0.06008254194952879,0.05978212923978115,96.0,69.0,97.0,65.5,1,1,1,3,127,2,7,58
563,200,500.67899925809206,2.5033949962904605,0.05978212923978115,0.05948321859358224,95.5,68.5,97.0,63.0,2,2,2,2,122,3,7,60
564,200,513.2579968080952,2.566289984040476,0.05948321859358224,0.05918580250061433,99.0,67.5,99.5,66.0,1,0,1,0,134,3,2,59
565,200,503.2535216199739,2.5162676080998696,0.05918580250061433,0.058889873488111255,100.0,67.5,95.5,65.5,3,1,4,1,125,7,3,56
566,200,497.46533292656636,2.487326664632832,0.058889873488111255,0.058595424120670696,97.0,67.5,95.5,64.0,3,2,4,1,117,11,7,55
567,200,511.06267898235006,2.5553133949117504,0.058595424120670696,0.05830244700006734,100.0,68.5,96.5,65.0,2,3,2,1,127,2,3,60
568,200,503.8551639636672,2.5192758198183363,0.05830244700006734,0.058010934765067,98.0,68.5,97.0,66.5,2,1,2,1,115,8,14,57
569,200,506.83807591439876,2.534190379571994,0.058010934765067,0.05772088009124167,99.0,66.5,99.5,65.5,1,1,1,0,133,1,4,59
570,200,509.2507699096547,2.5462538495482736,0.05772088009124167,0.05743227569078546,97.5,70.5,97.0,67.0,0,4,2,2,126,9,5,52
571,200,507.2593244248471,2.5362966221242353,0.05743227569078546,0.05714511431233153,99.0,69.0,95.5,65.0,1,1,3,4,128,4,4,55
572,200,498.3367868079343,2.4916839340396715,0.05714511431233153,0.05685938874076987,97.5,67.0,97.0,64.0,3,0,3,2,125,1,2,64
573,200,500.97079391048766,2.504853969552438,0.05685938874076987,0.056575091797066025,94.0,74.5,94.0,64.0,3,2,3,6,125,3,4,54
574,200,499.6211178364609,2.4981055891823045,0.056575091797066025,0.056292216338080694,92.5,69.5,97.5,65.5,2,2,2,0,130,4,2,58
575,200,499.88231787717643,2.499411589385882,0.056292216338080694,0.05601075525639029,96.0,68.0,98.5,64.5,2,1,0,2,134,2,3,56
576,200,505.0802422098358,2.525401211049179,0.05601075525639029,0.05573070148010834,94.0,68.5,99.5,64.0,3,0,0,0,124,9,8,56
577,200,509.57656387147784,2.547882819357389,0.05573070148010834,0.0554520479727078,100.0,68.0,96.5,65.0,1,1,3,2,126,2,1,64
578,200,506.87844265268376,2.534392213263419,0.0554520479727078,0.05517478773284426,97.5,68.5,99.0,67.0,2,0,0,0,131,1,5,61
579,200,498.75723003950765,2.493786150197538,0.05517478773284426,0.05489891379418004,96.0,67.0,99.0,65.0,0,2,1,0,57,41,72,27
580,200,501.3972918353226,2.506986459176613,0.05489891379418004,0.05462441922520914,100.0,65.0,97.5,64.0,3,0,3,0,123,6,1,64
581,200,512.6190223872925,2.5630951119364624,0.05462441922520914,0.0543512971290831,99.0,68.5,97.0,66.5,3,3,0,0,131,2,2,59
582,200,500.42928685066454,2.502146434253323,0.0543512971290831,0.05407954064343768,95.0,70.5,95.5,64.0,2,3,1,5,126,5,9,49
583,200,501.7565425243059,2.50878271262153,0.05407954064343768,0.05380914294022049,97.5,67.0,97.0,65.0,3,1,0,1,124,7,3,61
584,200,512.2558996063158,2.561279498031579,0.05380914294022049,0.05354009722551939,99.5,69.0,96.0,65.5,1,2,2,4,129,4,1,57
585,200,510.13757072771557,2.550687853638578,0.05354009722551939,0.05327239673939179,96.5,72.0,96.0,67.0,5,2,1,0,124,9,3,56
586,200,501.63862781734747,2.508193139086737,0.05327239673939179,0.053006034755694834,95.0,70.0,97.0,64.0,1,4,1,1,120,9,11,53
587,200,487.33671140198527,2.4366835570099266,0.053006034755694834,0.052741004581916356,90.0,71.5,93.5,61.5,2,8,2,1,101,11,31,44
588,200,508.10248141413865,2.5405124070706933,0.052741004581916356,0.052477299559006776,97.0,70.0,96.0,66.0,1,2,3,1,127,6,4,56
589,200,513.5260505563775,2.5676302527818877,0.052477299559006776,0.052214913061211746,99.5,68.5,99.0,68.0,1,0,1,2,132,3,1,60
590,200,503.5416412329265,2.5177082061646328,0.052214913061211746,0.05195383849590569,97.0,69.5,97.5,66.0,1,2,1,2,125,3,6,60
591,200,516.3784472379677,2.5818922361898387,0.05195383849590569,0.05169406930342616,100.0,69.5,99.0,68.5,1,0,0,3,132,1,2,61
592,200,506.7416242669074,2.533708121334537,0.05169406930342616,0.05143559895690903,98.5,66.5,99.0,64.5,0,3,0,1,136,0,2,58
593,200,507.3397660402603,2.5366988302013014,0.05143559895690903,0.051178420962124486,100.0,66.0,98.5,64.5,1,1,2,1,128,3,0,64
594,200,494.64732591224777,2.4732366295612387,0.051178420962124486,0.05092252885731386,95.5,66.0,96.5,62.0,3,3,1,1,129,7,6,50
595,200,496.36030260410087,2.4818015130205042,0.05092252885731386,0.05066791621302729,96.0,67.0,99.0,65.5,0,2,1,1,128,1,8,59
596,200,516.9270028518629,2.584635014259314,0.05066791621302729,0.05041457663196215,99.0,71.0,97.5,68.0,0,3,1,2,134,2,1,57
597,200,508.60481624791726,2.543024081239586,0.05041457663196215,0.050162503748802344,98.5,69.0,98.0,65.5,2,2,0,1,126,5,4,60
598,200,518.6412383648071,2.5932061918240357,0.050162503748802344,0.05,100.0,69.5,98.5,68.5,0,1,3,0,132,4,0,60
599,200,511.6156908701423,2.558078454350712,0.05,0.05,99.5,66.0,100.0,66.0,1,0,0,0,127,0,3,69
600,200,507.02685922571425,2.535134296128571,0.05,0.05,99.0,66.5,97.5,65.0,3,2,2,0,126,4,1,62
601,200,507.08715752937616,2.5354357876468807,0.05,0.05,95.5,71.0,97.0,66.0,2,4,0,0,120,6,14,54
602,200,508.33882851510066,2.541694142575503,0.05,0.05,99.5,67.0,97.0,65.0,3,1,2,1,126,3,5,59
603,200,503.0784599964621,2.5153922999823104,0.05,0.05,99.0,66.0,99.0,65.0,0,1,2,1,127,0,1,68
604,200,505.2044299959165,2.5260221499795823,0.05,0.05,97.0,69.5,98.0,65.0,0,0,3,3,126,2,5,61
605,200,501.7517603834756,2.508758801917378,0.05,0.05,97.0,67.0,99.0,64.0,1,0,0,1,119,3,14,62
606,200,506.83262899246597,2.5341631449623296,0.05,0.05,96.0,67.5,100.0,65.0,0,1,0,0,120,7,13,59
607,200,499.7734011867947,2.4988670059339735,0.05,0.05,98.0,65.5,98.0,64.0,1,1,1,2,126,3,3,63
608,200,515.0542779634117,2.5752713898170585,0.05,0.05,96.5,72.0,97.5,67.5,1,3,3,0,127,6,5,55
609,200,505.1624519173985,2.5258122595869925,0.05,0.05,97.5,66.5,99.5,65.5,0,1,1,1,126,0,4,67
610,200,498.32588625433993,2.4916294312717,0.05,0.05,98.5,65.5,97.0,62.0,1,2,1,3,130,2,6,55
611,200,505.82116117592324,2.5291058058796163,0.05,0.05,100.0,66.0,96.5,64.5,2,0,4,2,128,4,0,60
612,200,495.28252781612747,2.476412639080637,0.05,0.05,95.5,66.0,98.5,64.0,1,0,2,1,126,1,9,60
613,200,503.0016410304048,2.515008205152024,0.05,0.05,98.5,70.0,94.0,65.0,3,1,3,4,127,2,2,58
614,200,500.6077225646186,2.503038612823093,0.05,0.05,96.5,68.0,97.0,65.5,1,2,1,2,128,2,2,62
615,200,507.4699146381839,2.5373495731909195,0.05,0.05,100.0,66.0,97.5,65.0,2,1,3,1,127,4,2,60
616,200,509.80118267990724,2.549005913399536,0.05,0.05,98.0,70.5,95.5,66.0,2,1,1,4,128,3,3,58
617,200,503.0245129640739,2.5151225648203694,0.05,0.05,99.5,66.0,97.0,64.0,2,4,1,0,127,3,1,62
618,200,507.8134986092176,2.539067493046088,0.05,0.05,99.5,69.0,96.5,65.5,2,3,1,3,127,1,2,61
619,200,511.22918461203693,2.5561459230601846,0.05,0.05,98.5,68.0,99.0,65.5,0,1,0,2,129,0,6,62
620,200,505.8513260249132,2.529256630124566,0.05,0.05,99.5,65.0,99.0,64.5,1,0,2,1,133,2,2,59
621,200,503.3355647391475,2.5166778236957374,0.05,0.05,96.0,70.5,97.0,66.0,1,3,0,1,116,4,18,57
622,200,498.3693964398502,2.491846982199251,0.05,0.05,95.5,68.5,97.0,63.5,1,2,2,1,122,8,7,57
623,200,511.20481162964865,2.5560240581482434,0.05,0.05,100.0,68.0,96.5,65.0,2,2,2,1,127,3,1,62
624,200,512.2785663948346,2.561392831974173,0.05,0.05,100.0,66.5,99.0,66.0,1,0,2,1,133,3,1,59
625,200,510.1611240014427,2.5508056200072136,0.05,0.05,100.0,66.5,97.5,65.0,1,1,2,1,130,2,3,60
626,200,497.87459254485776,2.4893729627242887,0.05,0.05,94.0,69.5,97.5,66.0,3,2,0,0,108,12,25,50
627,200,511.23202324894606,2.5561601162447305,0.05,0.05,99.5,67.0,99.5,66.5,1,1,0,0,131,3,1,63
628,200,507.5750355519538,2.5378751777597692,0.05,0.05,98.0,68.0,97.5,65.0,3,1,1,1,130,2,4,58
629,200,507.8791477520042,2.539395738760021,0.05,0.05,98.5,68.5,98.0,65.5,1,1,3,2,122,6,5,60
630,200,507.3704874681664,2.536852437340832,0.05,0.05,100.0,65.5,97.0,63.5,1,1,2,2,128,2,4,60
631,200,509.11527335319033,2.5455763667659514,0.05,0.05,98.5,68.0,99.5,66.0,2,1,0,1,126,6,3,61
632,200,509.457749732543,2.547288748662715,0.05,0.05,100.0,66.0,99.0,65.5,0,1,2,1,130,1,2,63
633,200,514.9266929160935,2.574633464580468,0.05,0.05,99.5,68.0,99.0,67.0,1,0,1,1,130,3,3,61
634,200,516.0539155558242,2.5802695777791214,0.05,0.05,100.0,68.0,99.0,67.0,1,1,1,0,130,1,0,66
635,200,493.3326541533186,2.4666632707665928,0.05,0.05,96.0,66.0,97.0,64.5,3,1,2,1,110,10,16,57
636,200,497.3774225818718,2.486887112909359,0.05,0.05,98.5,65.0,97.5,63.5,0,2,3,1,124,5,4,61
637,200,507.7986202539714,2.538993101269857,0.05,0.05,98.5,69.5,97.5,66.5,1,3,2,0,121,2,11,60
638,200,505.3143252624119,2.5265716263120597,0.05,0.05,99.5,65.5,99.5,65.5,1,1,1,0,128,3,1,65
639,200,497.346325397848,2.48673162698924,0.05,0.05,97.0,68.0,95.5,63.0,2,0,2,4,122,9,5,56
640,200,507.81014126162626,2.539050706308131,0.05,0.05,98.5,67.5,100.0,66.5,0,0,1,0,9,63,121,6
641,200,506.8268497713308,2.534134248856654,0.05,0.05,98.5,68.5,98.5,66.5,0,0,3,1,1,62,130,3
642,200,508.0726270000222,2.540363135000111,0.05,0.05,98.5,68.5,97.5,67.0,2,2,1,1,119,6,8,61
643,200,505.36043963333367,2.5268021981666684,0.05,0.05,96.0,67.0,99.0,64.0,2,1,1,0,125,2,9,60
644,200,509.59946441088374,2.5479973220544188,0.05,0.05,97.0,70.5,97.5,65.5,1,2,0,2,127,1,9,58
645,200,507.7468226865299,2.5387341134326498,0.05,0.05,99.5,67.0,98.5,67.0,2,0,0,1,129,2,2,64
646,200,482.20273016342713,2.411013650817136,0.05,0.05,94.5,63.0,99.0,61.0,0,1,1,0,126,2,11,59
647,200,503.7879535720417,2.518939767860209,0.05,0.05,97.5,67.0,98.5,65.0,0,0,1,3,123,2,6,65
648,200,498.9711702712439,2.4948558513562196,0.05,0.05,96.5,67.5,98.5,65.5,0,3,1,2,129,1,7,57
649,200,511.20723939191527,2.5560361969595764,0.05,0.05,99.0,68.0,98.5,66.0,1,3,0,1,128,0,5,62
650,200,507.1709271518608,2.535854635759304,0.05,0.05,99.0,66.5,97.5,64.0,2,1,2,2,128,2,6,57
651,200,509.582098612718,2.5479104930635903,0.05,0.05,97.0,68.0,99.0,66.0,2,0,2,0,127,9,5,55
652,200,501.59799823005994,2.5079899911503,0.05,0.05,98.5,66.5,94.5,63.0,4,3,3,1,113,6,16,54
653,200,512.7621711206954,2.5638108556034767,0.05,0.05,100.0,67.0,98.5,65.5,0,1,2,1,127,2,6,61
654,200,504.0173155031013,2.5200865775155066,0.05,0.05,98.0,68.0,98.0,65.5,1,0,0,2,126,2,5,64
655,200,507.0229634723087,2.5351148173615434,0.05,0.05,99.5,66.0,99.5,66.0,2,0,0,0,131,2,0,65
656,200,509.04407556954106,2.545220377847705,0.05,0.05,98.5,68.5,97.5,66.5,2,1,2,2,109,8,22,54
657,200,516.3849622106358,2.5819248110531787,0.05,0.05,100.0,69.5,98.5,68.5,1,1,1,1,130,4,1,61
658,200,503.89905483101114,2.5194952741550556,0.05,0.05,96.0,67.5,99.0,65.5,0,0,0,1,129,5,7,58
659,200,507.6942094848686,2.538471047424343,0.05,0.05,98.0,68.5,97.5,65.5,1,2,1,3,124,2,8,59
660,200,500.1597349179203,2.5007986745896016,0.05,0.05,94.5,68.5,99.5,66.5,2,1,0,0,122,12,6,57
661,200,494.441593160466,2.47220796580233,0.05,0.05,96.5,67.0,96.0,63.0,1,4,2,2,30,52,97,12
662,200,497.3476599167977,2.4867382995839886,0.05,0.05,97.0,67.0,97.5,63.5,2,4,1,0,10,57,117,9
663,200,492.74420343784965,2.4637210171892483,0.05,0.05,92.5,76.5,88.5,63.0,4,10,3,5,51,32,74,21
664,200,508.2186085416029,2.5410930427080145,0.05,0.05,98.0,69.0,98.0,68.0,1,2,1,2,125,2,3,64
665,200,510.94776069384915,2.5547388034692458,0.05,0.05,99.0,70.0,96.5,66.0,1,4,3,0,126,5,7,54
666,200,517.1392370685361,2.5856961853426803,0.05,0.05,100.0,68.5,100.0,68.5,0,1,0,1,135,0,0,63
667,200,501.47479091966716,2.507373954598336,0.05,0.05,100.0,66.5,96.0,64.5,0,2,5,2,121,3,7,60
668,200,505.287529271662,2.52643764635831,0.05,0.05,99.0,70.0,95.0,66.5,2,4,3,2,120,3,7,59
669,200,488.6811036602885,2.4434055183014425,0.05,0.05,98.0,64.0,95.5,61.5,3,1,2,4,129,0,5,56
670,200,500.7728125600233,2.5038640628001163,0.05,0.05,97.0,68.5,96.5,64.0,3,1,1,3,122,1,10,59
671,200,504.86133034801725,2.524306651740086,0.05,0.05,97.5,66.0,100.0,64.0,2,1,0,1,130,2,7,57
672,200,505.93340540055823,2.529667027002791,0.05,0.05,97.0,67.0,99.0,65.5,0,1,2,0,130,0,5,62
673,200,503.72272897724923,2.518613644886246,0.05,0.05,98.5,66.5,98.5,64.5,2,2,0,0,123,7,6,60
674,200,508.7805843126068,2.543902921563034,0.05,0.05,98.0,69.0,99.0,66.5,1,1,0,2,126,2,7,61
675,200,518.5476349417344,2.5927381747086717,0.05,0.05,100.0,71.0,98.0,69.5,1,1,1,3,131,1,3,59
676,200,505.24728431725765,2.5262364215862885,0.05,0.05,97.5,68.0,98.0,64.5,3,0,1,2,124,2,7,61
677,200,508.2862717843445,2.5414313589217223,0.05,0.05,100.0,67.0,97.0,65.0,3,2,2,0,123,0,3,67
678,200,517.2417887802153,2.5862089439010765,0.05,0.05,100.0,68.5,99.0,67.5,0,2,1,1,132,2,3,59
679,200,500.83415057445484,2.504170752872274,0.05,0.05,97.5,66.5,97.5,64.5,0,2,3,2,125,2,3,63
680,200,511.1833995432743,2.5559169977163716,0.05,0.05,98.0,68.0,100.0,66.5,1,0,1,0,125,7,5,61
681,200,499.4543830068827,2.4972719150344136,0.05,0.05,99.0,66.5,96.5,64.0,0,0,5,2,127,1,6,59
682,200,509.75310536318926,2.5487655268159464,0.05,0.05,97.0,68.5,98.5,64.5,1,0,3,0,122,3,10,61
683,200,512.3879536611748,2.561939768305874,0.05,0.05,98.5,68.5,98.0,65.0,0,2,0,2,130,1,8,57
684,200,492.77300454318373,2.4638650227159187,0.05,0.05,97.0,65.0,99.0,64.5,0,2,0,1,128,0,2,67
685,200,489.5987366183569,2.4479936830917843,0.05,0.05,94.0,66.5,98.5,64.0,1,1,0,2,123,8,7,58
686,200,507.60862544409144,2.5380431272204573,0.05,0.05,100.0,65.5,98.0,65.0,1,1,2,2,126,2,3,63
687,200,506.6208545978567,2.5331042729892834,0.05,0.05,99.5,67.5,97.5,65.5,2,2,1,0,130,0,5,60
688,200,508.7047065963875,2.5435235329819377,0.05,0.05,98.0,69.5,97.5,66.0,0,2,2,3,123,1,8,61
689,200,505.22058287231323,2.5261029143615663,0.05,0.05,100.0,67.0,97.0,65.5,3,0,1,4,122,2,6,62
690,200,504.17903515644406,2.52089517578222,0.05,0.05,100.0,67.5,94.5,63.5,2,4,1,5,121,3,7,57
691,200,504.20657083337176,2.521032854166859,0.05,0.05,97.0,68.0,98.5,65.0,1,1,1,3,128,5,8,53
692,200,514.4900179909291,2.5724500899546454,0.05,0.05,100.0,67.5,100.0,67.5,0,0,0,1,134,1,0,64
693,200,481.9465383208796,2.409732691604398,0.05,0.05,93.5,67.5,92.5,63.0,6,5,1,3,60,31,62,32
694,200,504.9168160229479,2.5245840801147397,0.05,0.05,96.5,67.0,99.0,63.5,1,2,0,0,126,2,8,61
695,200,509.17050387412655,2.5458525193706327,0.05,0.05,99.5,69.5,97.0,66.5,0,4,3,0,125,1,5,62
696,200,509.39241248219395,2.54696206241097,0.05,0.05,97.5,68.0,99.0,66.0,0,2,2,0,129,0,3,64
697,200,510.034170834099,2.550170854170495,0.05,0.05,98.5,70.0,98.0,68.0,1,1,2,1,129,1,0,65
698,200,505.08682618633384,2.5254341309316692,0.05,0.05,94.5,73.5,95.5,66.0,0,2,5,3,125,3,6,56
699,200,512.5834456602747,2.5629172283013735,0.05,0.05,99.0,70.0,96.0,68.0,3,2,1,1,129,3,4,57
700,200,510.54195093633297,2.552709754681665,0.05,0.05,97.0,69.5,99.0,67.0,1,1,0,2,129,3,4,60
701,200,514.0374635866503,2.570187317933252,0.05,0.05,98.5,72.0,96.0,67.0,3,1,0,4,130,0,3,59
702,200,499.24739076610257,2.496236953830513,0.05,0.05,98.0,68.0,95.5,65.5,2,4,3,2,131,2,2,54
703,200,512.5329963670192,2.562664981835096,0.05,0.05,98.0,71.5,98.0,69.5,1,0,2,2,129,3,5,58
704,200,504.7649087401891,2.5238245437009454,0.05,0.05,97.0,67.5,99.0,65.5,1,0,1,2,127,4,3,62
705,200,516.7677853213085,2.5838389266065422,0.05,0.05,99.0,72.0,96.5,68.0,2,2,0,4,131,1,1,59
706,200,517.5299577628475,2.587649788814238,0.05,0.05,99.0,70.0,100.0,69.0,0,0,1,1,132,1,3,62
707,200,518.8059757097918,2.5940298785489593,0.05,0.05,99.0,71.5,99.0,70.0,0,0,0,3,133,1,1,62
708,200,506.7793403265359,2.5338967016326794,0.05,0.05,96.0,70.0,99.0,65.5,2,1,0,0,120,13,8,56
709,200,509.4797328770559,2.5473986643852795,0.05,0.05,98.5,70.5,95.5,66.5,2,4,1,1,133,0,3,56
710,200,511.99606103065383,2.5599803051532692,0.05,0.05,97.5,72.0,96.5,68.0,2,2,2,3,125,1,6,59
711,200,503.73616107383305,2.5186808053691654,0.05,0.05,97.0,67.0,98.5,65.5,1,1,1,1,126,3,3,64
712,200,513.5863119813744,2.5679315599068717,0.05,0.05,97.5,73.0,97.0,69.5,2,1,1,2,125,2,4,63
713,200,509.71427754850015,2.5485713877425007,0.05,0.05,97.5,68.5,100.0,67.0,0,0,0,1,129,2,3,65
714,200,508.3086781214766,2.5415433906073828,0.05,0.05,99.0,69.0,97.5,68.0,2,1,3,1,125,1,4,63
715,200,500.27213184156665,2.5013606592078332,0.05,0.05,94.5,70.5,97.5,65.0,1,3,2,1,112,3,16,62
716,200,505.94536562509256,2.529726828125463,0.05,0.05,96.0,71.0,95.5,63.5,1,4,2,3,115,0,18,57
717,200,501.116879434947,2.505584397174735,0.05,0.05,98.5,65.0,98.0,64.5,1,0,3,1,127,1,0,67
718,200,505.8805558261693,2.5294027791308467,0.05,0.05,96.5,74.0,94.0,66.5,3,4,1,3,61,32,65,31
719,200,517.021305549545,2.5851065277477248,0.05,0.05,98.0,73.5,96.0,69.5,2,5,1,1,129,3,2,57
720,200,513.1886771741353,2.565943385870676,0.05,0.05,98.0,69.0,99.5,66.5,2,0,0,2,129,0,4,63
721,200,513.3707485437146,2.566853742718573,0.05,0.05,99.5,70.0,97.5,68.0,4,0,0,2,130,1,1,62
722,200,511.2263029059963,2.5561315145299814,0.05,0.05,99.5,68.5,97.0,66.5,2,2,2,1,132,1,2,58
723,200,507.78527728526063,2.538926386426303,0.05,0.05,100.0,66.0,99.5,66.0,0,1,0,0,128,2,2,67
724,200,513.7998571229366,2.568999285614683,0.05,0.05,96.0,73.0,98.0,69.0,0,1,1,4,128,3,9,54
725,200,498.3801053570126,2.491900526785063,0.05,0.05,98.0,68.0,96.0,64.0,2,6,0,1,131,0,5,55
726,200,504.58562598539936,2.522928129926997,0.05,0.05,97.0,68.0,99.5,64.5,2,1,0,1,126,0,7,63
727,200,512.9343292151357,2.5646716460756784,0.05,0.05,97.5,71.5,96.5,67.5,0,3,3,1,128,2,2,61
728,200,511.47233263258465,2.5573616631629235,0.05,0.05,99.0,72.5,94.0,67.0,2,5,3,3,126,1,1,59
729,200,515.0861784325548,2.5754308921627738,0.05,0.05,98.5,70.5,98.0,67.5,2,2,0,1,134,1,2,58
730,200,505.8444277892082,2.529222138946041,0.05,0.05,96.5,68.0,99.5,67.5,2,0,0,0,128,5,1,64
731,200,507.6102220519801,2.5380511102599006,0.05,0.05,98.5,67.5,97.5,65.0,2,1,1,3,127,0,4,62
732,200,511.46745463815944,2.557337273190797,0.05,0.05,99.0,71.5,96.5,67.5,0,4,2,3,130,1,2,58
733,200,512.6157065374806,2.563078532687403,0.05,0.05,99.5,70.0,97.5,67.5,1,3,0,3,134,1,2,56
734,200,516.7620778791631,2.5838103893958158,0.05,0.05,100.0,72.5,96.0,69.5,1,3,3,1,133,0,0,59
735,200,503.59027997280333,2.5179513998640166,0.05,0.05,98.5,67.0,98.0,64.0,1,2,2,0,131,2,5,57
736,200,512.594445695685,2.562972228478425,0.05,0.05,99.0,70.5,96.0,66.5,2,1,3,2,129,0,4,59
737,200,511.30581282063775,2.556529064103189,0.05,0.05,96.5,71.5,98.5,68.5,1,1,0,1,129,2,6,60
738,200,523.5435040185038,2.6177175200925187,0.05,0.05,98.0,74.0,98.0,70.0,0,3,1,2,131,3,5,55
739,200,479.23767362326527,2.3961883681163263,0.05,0.05,91.5,69.5,91.5,62.0,7,6,2,3,60,33,62,27
740,200,499.79066584687115,2.4989533292343555,0.05,0.05,92.5,69.5,99.0,64.5,1,1,1,0,79,32,56,30
741,200,501.95452845720627,2.5097726422860314,0.05,0.05,97.0,69.5,97.5,65.5,1,4,0,1,98,19,31,46
742,200,512.1780366213575,2.560890183106787,0.05,0.05,100.0,67.0,99.5,67.0,0,0,0,2,131,0,1,66
743,200,517.9905051510226,2.589952525755113,0.05,0.05,100.0,71.0,98.0,69.0,2,2,0,1,130,3,2,60
744,200,502.98716337609727,2.5149358168804863,0.05,0.05,96.5,68.0,98.5,64.0,0,0,2,2,23,58,105,10
745,200,490.03229670081726,2.450161483504086,0.05,0.05,92.5,72.0,92.0,60.0,5,8,1,2,93,18,35,38
746,200,509.90885930103923,2.549544296505196,0.05,0.05,97.5,70.5,98.0,66.5,0,3,0,2,127,9,6,53
747,200,507.7029609077399,2.5385148045386994,0.05,0.05,98.0,68.5,98.5,67.0,0,2,1,1,135,2,2,57
748,200,502.27545088672105,2.5113772544336053,0.05,0.05,96.0,69.0,96.5,63.5,5,1,2,0,123,1,5,63
749,200,513.5997464238208,2.567998732119104,0.05,0.05,100.0,68.5,97.5,66.5,0,4,1,1,129,1,1,63
750,200,511.94965444193446,2.5597482722096725,0.05,0.05,100.0,67.0,99.0,66.5,0,0,2,1,128,3,0,66
751,200,514.1664709420476,2.570832354710238,0.05,0.05,99.5,69.0,99.0,68.5,2,1,0,0,132,1,0,64
752,200,513.6051190889073,2.5680255954445363,0.05,0.05,100.0,67.0,99.0,66.5,2,0,0,1,130,0,0,67
753,200,506.5428660336708,2.532714330168354,0.05,0.05,99.0,67.5,97.5,66.5,1,1,1,1,127,3,3,63
754,200,505.4173319948933,2.5270866599744664,0.05,0.05,97.5,67.0,100.0,64.5,0,2,0,0,120,9,19,50
755,200,506.38304598836214,2.5319152299418106,0.05,0.05,96.5,71.0,97.0,66.5,2,3,1,0,119,3,15,57
756,200,509.6111289668811,2.5480556448344056,0.05,0.05,99.5,68.0,98.0,66.0,1,0,2,3,130,1,4,59
757,200,504.7411964030249,2.5237059820151244,0.05,0.05,97.5,67.0,99.0,65.0,1,1,1,1,126,3,3,64
758,200,504.97347875182203,2.52486739375911,0.05,0.05,97.0,70.5,96.5,67.5,4,2,0,2,123,2,5,62
759,200,499.2911332688564,2.496455666344282,0.05,0.05,96.0,66.5,99.5,64.5,1,0,0,2,129,2,9,57
760,200,514.0971755886504,2.570485877943252,0.05,0.05,99.0,68.5,99.5,67.0,1,0,0,1,130,1,3,64
761,200,514.2882419255337,2.5714412096276686,0.05,0.05,98.5,70.5,98.5,68.5,2,1,1,2,123,6,7,58
762,200,510.3487410100369,2.5517437050501846,0.05,0.05,100.0,69.5,97.0,67.0,2,3,0,2,124,1,4,64
763,200,506.1331184791419,2.5306655923957093,0.05,0.05,98.0,70.0,96.5,67.0,3,3,2,1,118,3,12,58
764,200,500.33408705304475,2.5016704352652237,0.05,0.05,97.0,69.0,95.5,65.0,2,2,4,1,128,2,5,56
765,200,511.5739982375541,2.5578699911877707,0.05,0.05,99.0,70.5,97.5,68.0,2,0,2,2,127,0,3,64
766,200,512.5498384482162,2.562749192241081,0.05,0.05,97.5,70.5,98.0,67.5,1,1,2,2,129,2,5,58
767,200,519.1984623576831,2.5959923117884154,0.05,0.05,99.5,72.0,97.0,69.0,1,2,1,3,132,0,0,61
768,200,516.3029899435218,2.581514949717609,0.05,0.05,100.0,70.5,98.5,69.0,2,2,1,0,133,2,0,60
769,200,495.74759837465194,2.4787379918732597,0.05,0.05,98.0,67.5,96.5,65.0,2,0,3,4,126,0,0,65
770,200,508.58780158676194,2.5429390079338097,0.05,0.05,100.0,70.0,95.5,67.0,1,3,4,1,128,1,1,61
771,200,501.83737343714756,2.509186867185738,0.05,0.05,96.5,71.0,95.5,65.5,1,4,4,0,125,0,6,60
772,200,508.5606899079246,2.542803449539623,0.05,0.05,97.0,69.5,98.0,67.5,1,2,0,2,115,2,17,61
773,200,515.3932499611329,2.5769662498056647,0.05,0.05,98.5,70.5,98.5,68.0,0,1,0,1,132,0,4,62
774,200,507.1962043745548,2.535981021872774,0.05,0.05,98.0,69.5,97.5,66.5,1,1,2,2,128,0,5,61
775,200,499.77997364725934,2.498899868236297,0.05,0.05,94.5,72.0,96.5,66.5,3,2,2,1,111,11,14,56
776,200,515.1498728897018,2.5757493644485088,0.05,0.05,99.0,67.5,99.5,67.0,0,2,1,0,129,0,3,65
777,200,507.0828121326208,2.535414060663104,0.05,0.05,97.0,69.0,97.5,65.0,3,1,0,1,125,3,6,61
778,200,513.1014538129638,2.5655072690648186,0.05,0.05,98.0,70.5,99.0,68.0,0,1,0,3,131,8,4,53
779,200,514.1507404609066,2.570753702304533,0.05,0.05,99.5,68.5,98.0,66.5,2,1,1,1,129,0,3,63
780,200,507.573172550546,2.53786586275273,0.05,0.05,99.5,68.0,97.0,66.5,3,1,3,0,128,0,3,62
781,200,509.1537356916364,2.5457686784581823,0.05,0.05,98.5,69.0,97.5,66.5,2,1,2,0,126,3,2,64
782,200,515.8272492226376,2.579136246113188,0.05,0.05,99.0,70.0,99.0,68.5,0,1,1,2,133,0,0,63
783,200,501.47893764470774,2.5073946882235387,0.05,0.05,98.5,67.0,96.0,64.5,0,3,3,2,134,0,1,57
784,200,508.75354265262877,2.543767713263144,0.05,0.05,100.0,67.5,97.0,66.0,2,0,3,1,125,1,4,64
785,200,505.78234220647323,2.5289117110323662,0.05,0.05,99.5,70.0,94.5,66.5,2,3,5,2,124,2,3,59
786,200,512.2244823792594,2.5611224118962967,0.05,0.05,98.5,69.5,97.5,67.5,1,2,2,1,128,3,1,62
787,200,511.1959830964942,2.555979915482471,0.05,0.05,96.5,74.0,97.0,71.5,1,3,2,1,127,2,1,63
788,200,510.2110463590628,2.551055231795314,0.05,0.05,97.5,68.0,99.5,66.0,1,1,0,0,131,0,4,63
789,200,498.5609926334888,2.492804963167444,0.05,0.05,95.0,67.5,98.5,63.5,0,0,2,2,121,7,9,59
790,200,517.253481727889,2.5862674086394453,0.05,0.05,97.5,73.0,98.0,69.5,0,1,3,2,125,11,7,51
791,200,507.1242888821638,2.535621444410819,0.05,0.05,99.0,68.5,97.0,67.0,4,1,0,1,128,3,2,61
792,200,513.1779015836507,2.5658895079182535,0.05,0.05,99.0,67.0,99.5,66.0,1,0,0,1,130,0,3,65
793,200,511.4830816105154,2.557415408052577,0.05,0.05,100.0,68.5,97.5,66.5,2,2,0,1,127,0,3,65
794,200,495.50779617194945,2.477538980859747,0.05,0.05,92.0,71.5,95.5,64.0,2,2,3,1,89,27,42,34
795,200,500.5484510284334,2.502742255142167,0.05,0.05,97.0,66.5,99.0,64.5,2,0,1,0,128,3,6,60
796,200,510.6546600214746,2.553273300107373,0.05,0.05,99.5,68.0,97.5,66.0,0,3,0,3,137,0,1,56
797,200,516.6414373073507,2.5832071865367534,0.05,0.05,100.0,69.0,99.0,68.0,0,1,1,0,129,1,4,64
798,200,509.9873839055625,2.5499369195278128,0.05,0.05,96.5,70.5,98.5,67.5,2,2,1,0,113,8,19,55
799,200,515.0137952656701,2.5750689763283505,0.05,0.05,99.5,67.0,100.0,66.5,0,0,0,0,132,1,3,64
800,200,510.8719007333564,2.5543595036667823,0.05,0.05,99.5,68.5,98.0,66.0,0,2,1,2,133,1,4,57
801,200,502.39307513771143,2.511965375688557,0.05,0.05,95.0,71.0,96.5,65.0,4,4,0,0,59,30,73,30
802,200,506.63463221052046,2.5331731610526025,0.05,0.05,96.5,72.0,96.5,67.5,0,4,0,2,117,4,14,59
803,200,507.2114064826074,2.536057032413037,0.05,0.05,100.0,66.5,98.0,66.0,1,0,2,2,130,1,0,64
804,200,511.1201123893782,2.555600561946891,0.05,0.05,98.5,70.0,98.5,67.5,2,0,1,1,120,2,12,62
805,200,505.21842260055166,2.5260921130027585,0.05,0.05,99.5,67.5,96.0,65.0,4,2,2,0,124,1,3,64
806,200,515.0543486155279,2.5752717430776397,0.05,0.05,97.5,71.5,99.5,69.0,0,1,1,1,129,3,6,59
807,200,503.12119371056883,2.515605968552844,0.05,0.05,97.5,67.5,98.5,65.0,3,0,1,0,124,1,7,64
808,200,510.73561609890396,2.5536780804945196,0.05,0.05,100.0,68.5,96.5,66.5,2,3,2,1,128,1,0,63
809,200,510.3591999931204,2.551795999965602,0.05,0.05,99.5,67.0,98.5,67.0,2,0,1,1,128,2,2,64
810,200,503.9980808738868,2.519990404369434,0.05,0.05,99.0,67.0,96.5,65.5,3,3,3,0,129,1,2,59
811,200,502.52362716450284,2.5126181358225144,0.05,0.05,96.0,69.0,97.0,64.0,1,5,0,1,109,6,21,57
812,200,507.28367738700746,2.536418386935037,0.05,0.05,98.0,70.5,96.5,67.0,4,1,0,3,102,10,32,48
813,200,493.4837584906004,2.4674187924530018,0.05,0.05,93.0,72.5,94.0,64.0,4,5,1,3,43,43,82,19
814,200,504.45061195050414,2.522253059752521,0.05,0.05,100.0,68.5,95.0,65.0,3,3,2,2,4,60,123,3
815,200,483.6058290426529,2.4180291452132643,0.05,0.05,88.5,71.0,93.5,60.5,7,5,0,2,53,39,74,20
816,200,504.07604729712733,2.5203802364856367,0.05,0.05,98.0,69.0,98.0,66.0,1,2,1,1,10,58,122,5
817,200,498.9732509843835,2.494866254921918,0.05,0.05,96.0,69.0,96.5,64.5,1,5,2,1,21,50,113,7
818,200,499.43406074577007,2.49717030372885,0.05,0.05,92.5,72.0,95.5,62.5,0,2,5,2,111,20,21,39
819,200,505.14829846256856,2.525741492312843,0.05,0.05,98.5,68.5,97.0,65.0,2,2,3,1,126,2,4,60
820,200,509.44673118759295,2.5472336559379647,0.05,0.05,99.0,69.0,96.0,64.5,3,3,2,2,127,1,5,57
821,200,507.20180911113465,2.5360090455556734,0.05,0.05,99.0,66.5,99.0,64.5,1,0,2,0,133,0,3,61
822,200,508.20580908925,2.54102904544625,0.05,0.05,99.0,69.0,96.0,65.0,0,1,2,5,132,0,3,57
823,200,498.69906058831566,2.4934953029415783,0.05,0.05,95.5,69.0,96.5,64.0,2,4,0,1,125,2,10,56
824,200,507.67777209037047,2.5383888604518523,0.05,0.05,97.0,69.5,98.5,65.0,1,3,0,1,127,2,7,59
825,200,511.3221365133395,2.5566106825666974,0.05,0.05,98.0,68.5,99.5,67.0,1,0,0,0,131,1,4,63
826,200,510.6186261074383,2.5530931305371913,0.05,0.05,100.0,66.5,99.0,66.5,2,0,0,0,130,3,0,65
827,200,504.95862441270356,2.524793122063518,0.05,0.05,99.0,67.0,96.5,64.5,4,3,1,0,128,3,0,61
828,200,509.92011170586926,2.549600558529346,0.05,0.05,97.5,68.5,98.0,65.5,2,1,1,2,125,7,5,57
829,200,509.5711820403852,2.547855910201926,0.05,0.05,100.0,69.0,96.0,66.5,1,3,3,3,127,4,1,58
830,200,502.4438483274594,2.5122192416372973,0.05,0.05,96.5,68.5,97.0,64.5,1,2,3,1,127,0,5,61
831,200,506.1458752177173,2.5307293760885865,0.05,0.05,96.5,69.0,98.0,65.0,2,2,2,0,126,1,7,60
832,200,489.90373080282916,2.449518654014146,0.05,0.05,95.5,64.5,98.5,62.5,1,1,0,1,127,0,10,60
833,200,507.9564357458642,2.539782178729321,0.05,0.05,98.0,66.5,99.0,64.5,0,1,1,2,128,1,3,64
834,200,512.204292838696,2.56102146419348,0.05,0.05,97.5,68.5,99.0,65.5,1,2,1,0,127,2,8,59
835,200,511.8212500154827,2.5591062500774133,0.05,0.05,98.5,69.0,97.0,66.0,3,2,2,0,125,5,5,58
836,200,500.16124636838515,2.500806231841926,0.05,0.05,98.0,67.0,96.0,64.0,3,1,1,3,108,10,19,55
837,200,497.2595030928592,2.4862975154642957,0.05,0.05,97.0,66.0,97.0,62.5,1,1,2,4,124,4,4,60
838,200,509.02914759291235,2.5451457379645617,0.05,0.05,98.5,68.0,97.5,64.0,1,3,1,1,133,0,3,58
839,200,497.26297843182084,2.486314892159104,0.05,0.05,94.0,69.5,98.5,63.5,1,2,1,0,104,12,27,53
840,200,505.36858656650827,2.5268429328325412,0.05,0.05,98.0,67.5,98.5,64.0,0,2,3,0,127,0,7,61
841,200,517.2969597269428,2.586484798634714,0.05,0.05,97.0,73.0,99.0,70.0,1,1,1,0,127,8,7,55
842,200,505.35169067712434,2.5267584533856216,0.05,0.05,99.5,68.5,94.5,64.0,3,3,3,2,126,2,2,59
843,200,513.617707792975,2.568088538964875,0.05,0.05,100.0,67.0,99.0,66.5,1,0,1,1,128,2,2,65
844,200,508.6100681832277,2.5430503409161385,0.05,0.05,98.0,68.0,99.5,66.5,2,0,0,0,126,2,5,65
845,200,506.15764102249045,2.530788205112452,0.05,0.05,97.0,68.5,98.5,65.5,2,1,1,1,121,8,10,56
846,200,497.84555818020544,2.4892277909010274,0.05,0.05,95.5,70.5,95.0,65.5,3,5,1,1,92,11,34,53
847,200,506.02072698410063,2.5301036349205033,0.05,0.05,98.0,67.0,98.0,64.0,1,1,1,1,128,1,4,63
848,200,499.1204458462432,2.4956022292312157,0.05,0.05,94.5,73.0,94.5,65.0,4,3,2,1,37,40,91,22
849,200,506.8734730844351,2.5343673654221757,0.05,0.05,97.5,68.5,100.0,67.0,0,1,0,1,0,60,132,6
850,200,511.15304581869685,2.5557652290934842,0.05,0.05,100.0,68.5,97.5,66.5,3,2,1,0,6,63,125,0
851,200,504.1166850000276,2.520583425000138,0.05,0.05,98.0,67.5,99.0,66.0,0,2,0,1,7,59,125,6
852,200,504.8900115239937,2.524450057619968,0.05,0.05,98.5,69.0,97.0,67.5,3,1,3,1,27,49,100,16
853,200,508.920779079914,2.54460389539957,0.05,0.05,99.0,66.5,99.0,65.0,1,0,3,0,13,66,116,1
854,200,508.6443113831188,2.543221556915594,0.05,0.05,98.0,70.5,97.5,67.0,0,4,1,1,15,54,116,9
855,200,488.877595849793,2.444387979248965,0.05,0.05,94.0,69.5,94.0,62.5,3,4,2,3,79,20,46,43
856,200,501.75311732559777,2.5087655866279888,0.05,0.05,100.0,66.5,96.0,64.5,2,3,3,2,125,5,2,58
857,200,492.5631863654888,2.462815931827444,0.05,0.05,97.5,65.5,96.5,63.5,3,4,0,2,130,2,3,56
858,200,507.5581122251661,2.5377905611258305,0.05,0.05,97.0,69.0,98.5,65.0,1,0,1,1,128,0,4,65
859,200,507.22851507218934,2.536142575360947,0.05,0.05,99.0,67.5,97.0,63.5,1,5,1,1,129,1,2,60
860,200,515.9619453830774,2.579809726915387,0.05,0.05,99.5,69.0,99.0,67.5,0,2,0,2,133,1,0,62
861,200,502.25176073052705,2.5112588036526353,0.05,0.05,100.0,65.5,96.5,64.5,2,1,5,0,129,4,1,58
862,200,501.2839656560787,2.5064198282803933,0.05,0.05,99.0,68.0,96.5,65.5,1,3,3,1,133,0,2,57
863,200,504.56530712485517,2.522826535624276,0.05,0.05,97.5,69.0,97.5,66.0,2,3,0,1,127,2,1,64
864,200,518.2657684452585,2.591328842226292,0.05,0.05,99.0,69.0,100.0,68.5,0,0,1,1,131,1,4,62
865,200,504.2999133574409,2.5214995667872047,0.05,0.05,97.5,69.0,96.0,66.0,5,1,2,2,125,6,2,57
866,200,492.46230014115974,2.4623115007057987,0.05,0.05,96.0,67.5,95.0,62.5,1,4,2,3,126,4,2,58
867,200,508.1214654121474,2.540607327060737,0.05,0.05,96.0,69.0,100.0,65.5,1,0,0,0,126,6,8,59
868,200,499.72209832875933,2.4986104916437966,0.05,0.05,96.0,68.5,98.0,64.5,2,2,0,0,9,57,122,8
869,200,506.6228523485597,2.5331142617427984,0.05,0.05,97.5,69.0,98.0,66.0,1,1,0,2,111,14,19,52
870,200,498.03370558938803,2.49016852794694,0.05,0.05,90.5,74.0,94.5,62.0,0,4,5,4,123,13,7,44
871,200,509.06244158695927,2.5453122079347965,0.05,0.05,97.5,69.0,98.5,66.5,0,1,2,1,130,3,6,57
872,200,512.6681530322561,2.5633407651612803,0.05,0.05,97.0,72.0,97.5,67.5,0,3,1,2,129,7,5,53
873,200,505.6121422286325,2.5280607111431626,0.05,0.05,98.5,68.0,98.0,65.0,0,0,1,3,129,2,3,62
874,200,485.41184488975483,2.427059224448774,0.05,0.05,93.0,65.0,97.0,61.5,3,1,1,1,121,7,14,52
875,200,517.2214867918973,2.5861074339594863,0.05,0.05,100.0,70.5,97.0,68.0,0,3,3,2,130,3,1,58
876,200,497.273300769163,2.4863665038458147,0.05,0.05,98.0,65.5,96.0,62.0,1,1,4,3,128,3,6,54
877,200,498.7366211060644,2.4936831055303217,0.05,0.05,97.5,65.5,98.0,64.0,1,2,1,1,127,3,2,63
878,200,506.6319634600859,2.5331598173004295,0.05,0.05,99.0,66.5,99.5,66.0,1,0,0,1,132,1,0,65
879,200,496.69263387261253,2.4834631693630627,0.05,0.05,96.0,67.0,97.0,63.5,3,2,0,3,127,2,9,54
880,200,493.16824676494036,2.465841233824702,0.05,0.05,96.0,65.0,98.5,62.5,3,0,0,0,25,61,102,9
881,200,496.4028754101982,2.482014377050991,0.05,0.05,98.0,67.5,97.5,64.5,2,2,1,1,6,56,121,11
882,200,508.78415051762585,2.543920752588129,0.05,0.05,100.0,70.0,96.5,67.5,1,3,2,2,6,57,127,2
883,200,511.8603006888595,2.5593015034442974,0.05,0.05,99.5,70.0,98.5,68.0,0,3,0,1,7,58,129,2
884,200,511.0433634481497,2.5552168172407486,0.05,0.05,100.0,68.5,97.0,66.0,0,2,3,2,8,59,124,2
885,200,502.650282622033,2.513251413110165,0.05,0.05,98.5,70.0,95.5,67.5,3,0,2,3,11,56,119,6
886,200,501.0136385571609,2.5050681927858047,0.05,0.05,98.5,68.0,95.0,63.5,2,2,4,2,9,55,120,6
887,200,511.46046023829393,2.5573023011914695,0.05,0.05,98.0,70.5,97.5,67.5,1,4,1,1,7,52,128,6
888,200,495.0404689332816,2.475202344666408,0.05,0.05,96.5,68.5,95.0,64.0,3,4,2,2,27,53,104,5
889,200,492.4920354876872,2.462460177438436,0.05,0.05,93.5,70.5,96.0,66.5,4,3,1,0,25,50,100,17
890,200,508.51938343723344,2.542596917186167,0.05,0.05,100.0,67.5,98.5,66.5,1,1,2,1,2,62,128,3
891,200,512.0585966762687,2.5602929833813435,0.05,0.05,98.5,71.0,98.5,69.0,1,2,0,3,7,55,129,3
892,200,509.3056293837219,2.5465281469186096,0.05,0.05,96.5,73.0,96.5,67.5,1,6,0,2,30,42,105,14
893,200,504.3774179097525,2.5218870895487626,0.05,0.05,99.5,68.5,97.0,66.0,2,3,2,0,13,59,118,3
894,200,503.156812321997,2.515784061609985,0.05,0.05,98.5,67.0,97.5,65.5,1,2,2,0,6,58,127,4
895,200,499.43559387512386,2.497177969375619,0.05,0.05,99.5,68.0,94.0,64.0,5,4,1,2,12,53,119,4
896,200,497.1496249378482,2.4857481246892412,0.05,0.05,97.5,69.5,95.5,65.5,1,2,1,5,9,53,126,3
897,200,500.6003030224103,2.5030015151120515,0.05,0.05,97.5,69.0,96.5,65.0,1,1,3,2,5,61,123,4
898,200,509.9610447615815,2.5498052238079074,0.05,0.05,99.0,69.5,97.0,66.0,2,2,1,1,7,58,125,4
899,200,513.4818053726952,2.5674090268634764,0.05,0.05,100.0,68.0,99.0,67.5,1,1,0,1,3,63,129,2
900,200,506.19240828550164,2.5309620414275082,0.05,0.05,99.5,69.5,97.0,67.5,0,2,2,2,2,60,129,3
901,200,504.6731188618376,2.523365594309188,0.05,0.05,98.0,68.0,97.0,65.5,3,2,1,2,15,56,116,5
902,200,511.0909796550118,2.555454898275059,0.05,0.05,97.0,71.5,97.0,67.5,1,3,2,0,18,56,113,7
903,200,510.1029110084189,2.5505145550420947,0.05,0.05,98.5,69.0,99.0,67.5,1,2,0,0,0,62,131,4
904,200,510.1512374221245,2.5507561871106224,0.05,0.05,100.0,68.5,99.5,68.0,0,0,0,3,3,63,128,3
905,200,507.1759956935274,2.535879978467637,0.05,0.05,98.5,69.0,99.0,67.0,4,0,0,1,5,62,126,2
906,200,509.7061255637982,2.548530627818991,0.05,0.05,99.0,69.0,98.5,67.0,2,1,0,1,1,61,131,3
907,200,517.9127637971267,2.589563818985633,0.05,0.05,99.5,75.0,95.0,70.0,2,4,2,3,2,55,130,2
908,200,504.7024316064388,2.5235121580321938,0.05,0.05,99.0,72.0,94.0,68.0,4,5,2,2,0,56,127,4
909,200,501.5510303974304,2.507755151987152,0.05,0.05,97.0,67.5,98.5,66.5,2,1,2,1,6,58,121,9
910,200,486.8503542167741,2.4342517710838707,0.05,0.05,97.0,64.5,98.5,64.0,2,0,1,0,7,57,129,4
911,200,517.6279045381068,2.588139522690534,0.05,0.05,100.0,71.0,98.5,69.5,0,2,0,3,2,59,130,4
912,200,487.2312317591922,2.4361561587959613,0.05,0.05,96.0,69.0,92.0,64.0,5,3,3,5,17,44,106,17
913,200,502.34075492941616,2.511703774647081,0.05,0.05,98.5,68.5,96.0,65.5,2,2,1,4,20,53,112,6
914,200,510.15957797284057,2.550797889864203,0.05,0.05,99.5,67.5,99.0,66.5,0,0,3,1,2,60,129,5
915,200,510.5334546501543,2.5526672732507714,0.05,0.05,99.5,69.5,98.5,68.0,0,1,0,1,5,61,132,0
916,200,506.6581335070979,2.5332906675354896,0.05,0.05,98.0,69.0,97.5,67.0,2,2,1,1,1,57,133,3
917,200,503.1785892289424,2.515892946144712,0.05,0.05,99.0,68.5,97.5,67.0,3,2,1,0,4,61,126,3
918,200,500.845654270603,2.504228271353015,0.05,0.05,98.5,67.0,98.0,65.5,3,1,1,1,26,53,108,7
919,200,504.37995289529323,2.521899764476466,0.05,0.05,95.5,78.5,92.0,69.5,2,8,2,4,3,47,123,11
920,200,503.84623284447736,2.519231164222387,0.05,0.05,98.0,70.0,95.5,66.5,1,2,2,3,2,56,131,3
921,200,514.3286767270077,2.5716433836350387,0.05,0.05,100.0,71.5,97.0,69.5,0,1,3,2,4,61,125,4
922,200,497.1480012710881,2.4857400063554405,0.05,0.05,99.5,66.5,98.0,65.0,0,5,1,0,12,56,126,0
923,200,504.136532515305,2.520682662576525,0.05,0.05,99.5,67.5,98.5,67.0,0,2,2,1,13,59,123,0
924,200,512.8455037301552,2.564227518650776,0.05,0.05,99.5,69.5,99.5,68.5,1,1,1,0,7,62,127,1
925,200,495.6250345417869,2.478125172708934,0.05,0.05,94.0,69.5,98.5,65.0,1,2,0,1,29,55,101,11
926,200,503.7724042913772,2.518862021456886,0.05,0.05,95.0,76.5,92.5,68.0,4,10,1,0,20,33,112,20
927,200,515.9641504180876,2.5798207520904377,0.05,0.05,100.0,69.0,99.0,68.0,0,1,2,1,3,62,129,2
928,200,503.9586901496997,2.5197934507484985,0.05,0.05,99.5,66.0,99.0,65.0,2,0,0,1,11,63,119,4
929,200,509.85477763702266,2.5492738881851134,0.05,0.05,98.5,69.0,100.0,67.5,1,0,1,0,1,63,133,1
930,200,505.1151110195925,2.5255755550979626,0.05,0.05,100.0,67.5,97.0,65.5,2,1,2,2,5,58,120,10
931,200,516.6413350894672,2.5832066754473364,0.05,0.05,100.0,70.0,100.0,70.0,0,0,0,1,7,61,130,1
932,200,502.1223804670776,2.510611902335388,0.05,0.05,100.0,66.0,97.5,65.0,3,1,0,3,9,57,119,8
933,200,511.95648318509245,2.5597824159254623,0.05,0.05,99.5,69.0,98.5,68.0,2,1,2,0,7,57,124,7
934,200,506.50536198181396,2.53252680990907,0.05,0.05,100.0,67.0,98.0,65.0,2,2,1,0,4,65,126,0
935,200,501.196050952131,2.505980254760655,0.05,0.05,99.0,68.0,95.5,64.0,3,4,1,3,104,8,23,54
936,200,505.44523092439056,2.5272261546219528,0.05,0.05,97.5,67.5,99.5,66.5,0,0,2,0,128,2,6,62
937,200,501.9915248149198,2.509957624074599,0.05,0.05,96.5,69.0,98.5,65.5,0,1,2,1,109,10,22,55
938,200,513.6915715454577,2.5684578577272883,0.05,0.05,98.5,69.5,99.0,67.5,0,1,0,2,59,32,74,32
939,200,504.26837769159664,2.5213418884579832,0.05,0.05,97.5,71.0,97.0,67.5,1,3,1,2,11,50,119,13
940,200,501.58467094820554,2.5079233547410276,0.05,0.05,98.0,71.5,94.0,65.5,2,6,2,3,19,46,111,11
941,200,510.4164524169753,2.5520822620848764,0.05,0.05,99.0,67.0,100.0,66.5,0,0,1,0,1,63,130,5
942,200,492.2415837143355,2.4612079185716773,0.05,0.05,97.5,65.0,95.5,61.0,2,5,1,1,7,60,121,3
943,200,488.7383590381386,2.443691795190693,0.05,0.05,97.0,66.5,97.5,64.5,0,3,0,1,21,53,118,4
944,200,505.4554160282774,2.527277080141387,0.05,0.05,97.5,71.0,97.0,66.5,3,1,1,2,9,54,121,9
945,200,506.29081454932975,2.531454072746649,0.05,0.05,98.5,72.0,95.5,67.5,2,3,2,3,8,48,120,14
946,200,492.3191413565928,2.461595706782964,0.05,0.05,96.5,66.0,97.5,64.5,3,1,1,0,3,64,123,5
947,200,487.10444887483305,2.435522244374165,0.05,0.05,92.5,69.5,94.5,61.5,3,2,4,1,40,47,87,16
948,200,483.59605487398926,2.4179802743699463,0.05,0.05,96.5,63.5,96.0,61.5,1,3,3,1,10,53,123,6
949,200,500.57275251370487,2.5028637625685244,0.05,0.05,99.0,67.5,96.0,64.5,3,2,1,2,3,61,127,1
950,200,505.73450108117567,2.5286725054058783,0.05,0.05,97.5,71.5,95.5,67.0,1,4,2,2,6,54,129,2
951,200,506.2205970370517,2.5311029851852584,0.05,0.05,98.5,70.0,96.0,66.5,4,3,1,0,5,58,126,3
952,200,503.9119238093992,2.519559619046996,0.05,0.05,100.0,65.5,99.5,65.5,1,0,1,0,0,67,130,1
953,200,499.732706386066,2.49866353193033,0.05,0.05,98.0,67.0,96.5,64.0,1,1,2,3,5,58,122,8
954,200,500.44642125882103,2.5022321062941053,0.05,0.05,96.0,71.5,95.0,64.5,1,3,1,5,28,48,103,11
955,200,496.3454446208997,2.4817272231044982,0.05,0.05,97.0,68.5,94.0,63.0,3,7,1,1,92,9,34,53
956,200,499.97875382335286,2.499893769116764,0.05,0.05,99.5,66.0,95.5,63.0,3,1,4,3,120,3,5,61
957,200,515.6324924573286,2.578162462286643,0.05,0.05,99.0,69.5,99.5,68.5,1,0,1,2,133,0,1,62
958,200,495.6154958719287,2.4780774793596434,0.05,0.05,94.5,68.5,97.5,63.5,0,2,3,2,128,1,8,56
959,200,514.0187468666337,2.5700937343331685,0.05,0.05,98.5,68.0,99.0,67.0,2,0,1,1,130,4,2,60
960,200,505.86127262391227,2.529306363119561,0.05,0.05,95.0,70.0,98.0,64.5,3,0,1,1,120,8,10,57
961,200,510.10390779559077,2.550519538977954,0.05,0.05,98.0,71.0,95.0,65.0,2,4,3,0,123,7,5,56
962,200,502.8674365692841,2.5143371828464205,0.05,0.05,96.0,70.0,97.0,67.0,2,1,1,2,129,4,5,56
963,200,503.4481417692366,2.517240708846183,0.05,0.05,95.5,70.0,97.5,64.5,0,2,4,1,122,5,9,57
964,200,487.48826793540434,2.437441339677022,0.05,0.05,92.0,68.5,98.0,63.0,1,2,1,0,124,9,13,50
965,200,509.0665939002175,2.5453329695010876,0.05,0.05,99.0,67.5,99.0,66.5,1,0,2,1,126,4,3,63
966,200,492.17430939279114,2.460871546963956,0.05,0.05,94.5,68.0,97.0,64.5,3,1,2,1,121,10,4,58
967,200,503.5667357319204,2.517833678659602,0.05,0.05,98.0,66.0,99.0,65.0,1,2,0,1,134,2,3,57
968,200,504.6838082348516,2.523419041174258,0.05,0.05,99.0,66.5,98.5,65.0,2,1,1,1,132,2,3,58
969,200,509.6028431595636,2.548014215797818,0.05,0.05,100.0,67.0,98.5,66.5,1,0,4,0,129,2,1,63
970,200,493.00406879001486,2.465020343950074,0.05,0.05,96.0,67.0,97.0,63.0,1,0,1,3,129,4,7,55
971,200,500.8793130392659,2.5043965651963296,0.05,0.05,93.0,77.0,93.0,66.5,4,7,3,1,25,36,106,18
972,200,506.63434824273656,2.5331717412136827,0.05,0.05,100.0,68.5,97.5,67.5,2,2,2,1,2,61,126,4
973,200,504.06043168992244,2.520302158449612,0.05,0.05,96.0,71.5,96.5,66.0,1,2,2,3,18,58,113,3
974,200,501.7640561915453,2.5088202809577265,0.05,0.05,99.5,68.0,96.0,66.5,2,1,2,4,3,61,120,7
975,200,507.30749521355347,2.5365374760677675,0.05,0.05,90.5,79.5,94.5,71.5,4,3,3,1,45,43,83,18
976,200,498.49076775503335,2.492453838775167,0.05,0.05,97.0,67.0,98.5,64.5,2,1,0,1,2,63,128,3
977,200,501.795503353044,2.50897751676522,0.05,0.05,97.0,70.0,96.5,66.0,2,4,2,2,3,54,131,2
978,200,509.2043306248441,2.5460216531242206,0.05,0.05,100.0,68.5,98.0,67.0,2,2,1,1,3,64,124,3
979,200,506.9456445493675,2.5347282227468373,0.05,0.05,95.5,75.5,95.0,68.0,1,4,2,5,2,51,132,3
980,200,495.3788499633798,2.4768942498168993,0.05,0.05,95.5,69.0,97.0,66.5,2,0,3,2,17,55,117,4
981,200,507.08839692313404,2.5354419846156704,0.05,0.05,98.0,68.0,99.0,65.5,0,2,0,1,1,61,131,4
982,200,512.5981988789134,2.5629909943945672,0.05,0.05,99.5,70.5,97.5,68.5,0,2,1,2,0,61,130,4
983,200,508.4576285581301,2.5422881427906505,0.05,0.05,97.0,72.5,96.5,67.0,3,1,2,3,3,57,129,2
984,200,505.07067284997686,2.5253533642498844,0.05,0.05,98.5,69.0,97.0,68.0,1,2,2,2,2,62,126,3
985,200,509.1243701703525,2.5456218508517625,0.05,0.05,99.0,67.5,100.0,67.5,0,2,1,0,4,59,133,1
986,200,507.4121504993553,2.5370607524967763,0.05,0.05,99.0,69.0,98.0,67.5,3,0,0,1,6,63,126,1
987,200,500.4328353911402,2.502164176955701,0.05,0.05,96.0,71.0,94.0,65.5,4,5,0,2,19,50,113,7
988,200,487.35151302552816,2.4367575651276407,0.05,0.05,98.0,66.5,93.0,63.0,5,2,5,3,4,55,125,1
989,200,499.9617558231727,2.4998087791158636,0.05,0.05,99.5,65.5,99.0,64.5,2,1,0,2,11,58,126,0
990,200,499.1614743780539,2.49580737189027,0.05,0.05,98.0,67.5,96.5,65.5,3,3,2,0,7,59,123,3
991,200,498.20583612867154,2.4910291806433578,0.05,0.05,98.0,67.5,97.5,65.0,3,2,0,1,7,61,122,4
992,200,505.42219390963544,2.5271109695481773,0.05,0.05,97.5,68.5,98.5,66.0,0,1,2,2,1,60,128,6
993,200,508.7691100191656,2.543845550095828,0.05,0.05,99.5,70.0,98.0,68.0,0,3,1,0,19,57,119,1
994,200,501.6086681858225,2.5080433409291127,0.05,0.05,98.0,66.5,99.5,65.5,0,1,1,1,2,61,128,6
995,200,505.883756664244,2.52941878332122,0.05,0.05,99.5,68.0,97.5,66.0,1,1,2,2,3,58,132,1
996,200,510.7682767239053,2.553841383619526,0.05,0.05,100.0,68.0,98.0,66.5,2,3,0,0,1,62,129,3
997,200,505.49016383291996,2.5274508191645997,0.05,0.05,100.0,65.0,98.5,64.5,1,0,2,1,3,66,125,2
998,200,502.66647989166256,2.5133323994583128,0.05,0.05,96.0,71.0,96.5,66.0,2,6,1,1,29,44,103,14
999,200,503.9241248533533,2.5196206242667665,0.05,0.05,96.5,68.0,98.0,63.5,0,1,2,1,125,2,7,62
1000,200,508.6994894992265,2.5434974474961325,0.05,0.05,99.0,66.5,98.5,65.0,2,0,2,0,123,9,4,60
